id,name,nationality,city,latitude,longitude,gender,ethnic.group,age,english.grade,math.grade,sciences.grade,language.grade,portfolio.rating,coverletter.rating,refletter.rating,overall_grade,academic_consistency,consistency_score,application_strength,strong_recommendation,strong_portfolio,education_hub_distance,age_group,attendance_rate,extracurricular_score,multiple_weak_subjects,low_application_score,math_english_diff,science_language_diff,academic_potential
0,Kiana Lor,China,Suzhou,31.31,120.62,F,,22,3.5,3.7,3.1,1.0,4,4.0,4,2.825,1.241974234837422,0.7451707894534564,4.0,1,1,1603.7042468249,21-22,0.6111100414080473,3.426742888931336,0,0,0.20000000000000018,2.1,2.784133870820205
1,Joshua Lonaker,United States of America,Santa Clarita,34.39,-118.54,M,,22,2.9,3.2,3.6,5.0,5,4.0,5,3.675,0.9287087810503355,0.9720924117892499,4.666666666666667,1,1,1000.0,21-22,0.6689388559063052,4.404344571602697,0,0,0.30000000000000027,-1.4,3.5931972570714388
2,Dakota Blanco,United States of America,Oakland,37.8,-122.27,F,,22,3.9,3.8,3.2,5.0,3,3.0,4,3.9749999999999996,0.75,1.1764705882352942,3.3333333333333335,1,0,1000.0,21-22,0.7318150830480554,3.6715792113862182,0,1,-0.10000000000000009,-1.7999999999999998,3.5596552717206706
3,Natasha Yarusso,United States of America,Castro Valley,37.69,-122.09,F,,20,3.3,2.8,3.2,5.0,5,2.0,4,3.575,0.9742518497116989,0.9308804078562899,3.6666666666666665,1,1,1000.0,18-20,0.8018423885126421,3.6925217040848906,0,0,-0.5,-1.7999999999999998,3.332940750076731
4,Brooke Cazares,Brazil,São José dos Campos,-23.18,-45.88,F,,21,3.7,2.6,3.4,1.0,4,4.0,5,2.6750000000000003,1.2093386622447826,0.7637443457795403,4.333333333333333,1,1,1000.0,21-22,0.6612677300221331,4.8123548149230855,0,0,-1.1,2.4,3.114833217479139
5,Rochelle Johnson,United States of America,Pakistannapolis,39.77,-86.16,F,,21,3.4,3.1,3.7,5.0,2,4.0,4,3.8,0.8366600265340755,1.067623226860979,3.3333333333333335,1,0,1000.0,21-22,0.6612690434440656,4.493666412523757,0,1,-0.2999999999999998,-1.2999999999999998,3.694226828101533
6,Joey Abreu,China,Shenyang,41.79,123.43,M,,22,3.7,3.9,3.6,2.0,5,5.0,5,3.3,0.8755950357709131,1.0250154657765371,5.0,1,1,1790.341644646305,21-22,0.6470165925736269,4.650807708800511,0,0,0.19999999999999973,1.6,3.4399439718975158
7,Preston Suarez,Brazil,São Paulo,-23.47,-46.67,M,,22,3.8,3.7,3.6,2.0,5,5.0,4,3.275,0.8539125638299665,1.0483141096129316,4.666666666666667,1,1,1000.0,21-22,0.7413947783322327,5.0,0,0,-0.09999999999999964,1.6,3.5391394778332232
8,Lee Dong,Philippines,Manila,14.6,120.98,F,,24,3.9,3.6,3.2,2.0,4,3.0,5,3.175,0.8341662504161466,1.0704732691365442,4.0,1,1,1000.0,23-25,0.6424420491252039,3.916803073306207,0,0,-0.2999999999999998,1.2000000000000002,3.144285126904382
9,Maa'iz al-Dia,Turkey,Istanbul,41.02,28.96,M,,22,2.4,2.8,3.8,3.0,5,5.0,4,3.0,0.5887840577551897,1.4518338349164055,4.666666666666667,1,1,1000.0,21-22,0.7234048034868772,4.5122290437026376,1,0,0.3999999999999999,0.7999999999999998,3.2260091934594786
10,Maja Nicholson,United States of America,Dallas,32.78,-96.8,F,,23,3.4,3.5,3.2,5.0,4,2.0,5,3.7750000000000004,0.8261355820929153,1.079755512405822,3.6666666666666665,1,1,1000.0,23-25,0.6429265845750031,3.618453261391902,0,0,0.10000000000000009,-1.7999999999999998,3.414828636875071
11,Sasha Jansen,United States of America,Chicago,41.85,-87.65,F,,21,1.7,4.0,3.6,5.0,4,4.0,5,3.575,1.3817259737975063,0.6748886215695512,4.333333333333333,1,1,1000.0,21-22,0.6427416197143795,4.192666415324087,0,0,2.3,-1.4,3.467074086568664
12,Alexander Sherman,United States of America,Omaha,41.26,-95.94,M,,20,3.8,3.6,3.9,5.0,4,4.0,5,4.075,0.6291528696058958,1.3714545216567495,4.333333333333333,1,1,1000.0,18-20,0.6993569817252827,3.8292188898391855,0,0,-0.19999999999999973,-1.1,3.663701365124284
13,Edgar Sanchez,Mexico,Tijuana,32.53,-117.02,M,,23,3.7,3.5,4.0,4.0,4,5.0,5,3.8,0.2449489742783178,2.898979485566356,4.666666666666667,1,1,1727.3709932220816,23-25,0.6,4.044263438660841,0,0,-0.20000000000000018,0.0,3.5532790315982523
14,Kolbi Strunk,United States of America,Mission Viejo,33.6,-117.67,M,,21,3.2,3.9,3.3,5.0,4,3.0,4,3.8499999999999996,0.8266397845091495,1.0791679967957668,3.6666666666666665,1,1,1000.0,21-22,0.6,4.342792287016198,0,0,0.6999999999999997,-1.7000000000000002,3.672837686104859
15,Brittany Sath,Japan,Tokyo,35.69,139.75,F,,21,4.0,3.9,3.7,3.0,5,3.0,5,3.6500000000000004,0.4509249752822894,1.8151291824946003,4.333333333333333,1,1,1000.0,21-22,0.6350169976607223,3.2787567867465555,0,0,-0.10000000000000009,0.7000000000000002,3.237128735790039
16,Meggan Smith,United States of America,Los Angeles,34.05,-118.24,F,,21,2.9,3.4,3.6,5.0,2,5.0,4,3.725,0.899536917900909,1.0004632966434732,3.6666666666666665,1,0,1000.0,21-22,0.6,5.0,0,0,0.5,-1.4,3.795
17,Ericka Arreola,Mexico,Mexico,19.43,-99.14,other,,23,3.1,3.5,2.8,4.0,4,3.0,4,3.3499999999999996,0.5196152422706632,1.6139047779640892,3.6666666666666665,1,1,584.5028389431665,23-25,0.7783856814785439,3.061852761466905,0,0,0.3999999999999999,-1.2000000000000002,3.006394396587926
18,David Pulc,Canada,Toronto,43.67,-79.42,M,,24,3.9,2.9,4.0,5.0,5,4.0,2,3.95,0.8582928793055822,1.0435223109709846,3.6666666666666665,0,1,1000.0,23-25,0.6073580739583031,2.895315776436481,0,0,-1.0,-1.0,3.2993305403267748
19,Kyle Luckey,United States of America,Moreno Valley,33.94,-117.23,M,,23,3.7,3.9,3.4,5.0,3,4.0,4,4.0,0.697614984548545,1.2537377298221224,3.6666666666666665,1,0,1000.0,23-25,0.6,4.7931553654667205,0,0,0.19999999999999973,-1.6,3.8979466096400164
20,Rojesh Her,Japan,Tokyo,35.69,139.75,M,,22,3.8,3.6,3.6,2.0,4,4.0,3,3.25,0.8386497083606083,1.0653601562893389,3.6666666666666665,0,1,1000.0,21-22,0.7972519015137243,4.499996821837016,0,0,-0.19999999999999973,1.6,3.379724236702477
21,David Weber,China,Peking,39.93,116.39,M,,20,3.9,3.9,3.9,2.0,3,4.0,5,3.425,0.95,0.9523809523809523,4.0,1,0,1162.479664253118,18-20,0.6350500341880343,4.399295853641724,0,0,0.0,1.9,3.4382937595113208
22,Rachel Jambor,United States of America,Chicago,41.85,-87.65,F,,22,3.6,3.6,3.9,5.0,3,4.0,4,4.025,0.6652067347825035,1.3068363810000083,3.6666666666666665,1,0,1000.0,21-22,0.6854022563750339,4.36934307407809,0,0,0.0,-1.1,3.7943431478609306
23,Mus'ab al-Moustafa,Pakistan,Rawalpindi,33.6,73.07,M,,23,3.8,3.9,3.8,2.0,2,5.0,4,3.375,0.9178779875342908,0.9824360210622114,3.6666666666666665,1,0,1000.0,23-25,0.6,3.856869248389135,0,0,0.10000000000000009,1.7999999999999998,3.2420607745167405
24,Sila Nguyen,China,Hebi,35.9,114.19,M,,23,2.8,3.5,3.5,4.0,5,4.0,4,3.45,0.49328828623162485,1.6855212267069628,4.333333333333333,1,1,902.119756381887,23-25,0.6520233371791042,3.2155298361446683,0,0,0.7000000000000002,-0.5,3.0998612845613107
25,Samantha Hicks,United States of America,Santa Barbara,34.42,-119.7,F,,22,3.7,3.7,3.8,5.0,3,4.0,4,4.05,0.6350852961085883,1.360386346038784,3.6666666666666665,1,0,1000.0,21-22,0.6888738071767894,3.9273103132216476,0,0,0.0,-1.2000000000000002,3.677080474684173
26,Angela Harding,United States of America,Manteca,37.8,-121.22,F,,22,3.1,2.9,3.2,5.0,3,5.0,5,3.55,0.9746794344808963,0.9305100366818048,4.333333333333333,1,0,1000.0,21-22,0.6,3.391603964123644,0,0,-0.20000000000000018,-1.7999999999999998,3.207481189237093
27,Brandon Barbour,United States of America,South Hill,47.14,-122.27,M,,21,3.9,3.7,3.3,5.0,4,5.0,5,3.9749999999999996,0.7274384280931733,1.208549139184282,4.666666666666667,1,1,1000.0,21-22,0.7100558414676538,4.746762453400867,0,0,-0.19999999999999973,-1.7000000000000002,3.880034320167025
28,Reilly Wagar,United States of America,Modesto,37.64,-121.0,F,,23,3.4,3.2,3.7,5.0,5,4.0,5,3.825,0.8098353742170894,1.0990999342716226,4.666666666666667,1,1,1000.0,23-25,0.6319489048064956,3.849020761464956,0,0,-0.19999999999999973,-1.2999999999999998,3.5129011189201362
29,Victoria Ibarra,Dominican Republic,Santo Domingo,18.47,-69.9,F,,22,3.4,3.8,4.0,4.0,5,5.0,5,3.8,0.28284271247461906,2.612038749637414,5.0,1,1,1000.0,21-22,0.6566645000165379,3.3396022425659906,0,0,0.3999999999999999,0.0,3.347547122771451
30,Dakota Wirth,United States of America,Sacramento,38.58,-121.49,F,,22,3.4,3.9,3.6,5.0,3,5.0,5,3.975,0.7135591542869216,1.2291669201073552,4.333333333333333,1,0,1000.0,21-22,0.6318634710216483,3.6762246600109387,0,0,0.5,-1.4,3.5510537451054462
31,Lauren Klocker,United States of America,Los Angeles,34.05,-118.24,F,,22,2.3,3.9,3.8,5.0,5,3.0,4,3.75,1.1090536506409419,0.8270931562630668,4.0,1,1,1000.0,21-22,0.8281822547607152,4.2303451634205,0,0,1.6,-1.2000000000000002,3.601921774502222
32,Michael Benson,United States of America,Phoenix,33.45,-112.07,M,,21,3.8,3.7,3.7,5.0,4,5.0,3,4.05,0.6350852961085883,1.360386346038784,4.0,0,1,1000.0,21-22,0.6789202220209654,3.44902035775682,0,0,-0.09999999999999964,-1.2999999999999998,3.532598129529142
33,Sean Rozga,United States of America,Los Angeles,34.05,-118.24,M,,21,3.4,3.8,3.6,5.0,4,5.0,4,3.9499999999999997,0.7187952884282609,1.2213064903189357,4.333333333333333,1,1,1000.0,21-22,0.6,3.275557016880188,0,0,0.3999999999999999,-1.4,3.412667105064056
34,Cody Vermeylen,United States of America,Detroit,42.33,-83.05,M,,23,3.3,3.8,3.5,5.0,2,3.0,4,3.9,0.7615773105863909,1.1606619483971767,3.0,1,0,1000.0,23-25,0.7458035929682552,3.9949497691935303,0,1,0.5,-1.5,3.6130652900548843
35,Kinaana al-Jamail,Pakistan,Kanpur,26.47,80.35,F,,22,3.3,3.8,3.7,3.0,4,4.0,4,3.45,0.36968455021364727,2.1290885543182676,4.0,1,1,666.028070404006,21-22,0.6309531858433204,4.095973256886978,0,0,0.5,0.7000000000000002,3.3618872956504253
36,Daniel Garcia,Peru,Lima,-12.05,-77.05,M,,22,3.7,3.1,3.0,3.0,5,5.0,5,3.2,0.33665016461206937,2.290162883342605,5.0,1,1,1000.0,21-22,0.6967090876003805,3.5944454597030964,0,0,-0.6000000000000001,0.0,3.0680045466709673
37,Katrina Saito,Japan,Tokyo,35.69,139.75,F,,22,3.8,4.0,3.7,4.0,5,4.0,5,3.875,0.14999999999999997,4.000000000000001,4.666666666666667,1,1,1000.0,21-22,0.6,3.5898360221720087,0,0,0.20000000000000018,-0.2999999999999998,3.4619508066516023
38,Joshua Galloway,United States of America,New York,40.71,-74.01,M,,24,3.3,3.3,3.6,5.0,4,5.0,5,3.8,0.8124038404635961,1.0960059084055322,4.666666666666667,1,1,1000.0,23-25,0.6,4.152306616552775,0,0,0.0,-1.4,3.5856919849658326
39,Aylin Mendoza,Mexico,Mexico,19.43,-99.14,F,,22,3.0,2.3,3.9,4.0,2,4.0,4,3.3,0.8041558721209879,1.1060039876245884,3.3333333333333335,1,0,584.5028389431665,21-22,0.7680193219417067,2.674865860135474,0,1,-0.7000000000000002,-0.10000000000000009,2.859261690234813
40,Sharon Fyfe,United States of America,Los Angeles,34.05,-118.24,F,,22,3.7,3.0,3.8,5.0,4,5.0,4,3.875,0.8301606270274847,1.0750831318196095,4.333333333333333,1,1,1000.0,21-22,0.7390773263996329,2.8073623138320896,0,0,-0.7000000000000002,-1.2000000000000002,3.2411164267895898
41,Afnaan el-Mohammed,Pakistan,New Delhi,28.6,77.2,F,,22,1.7,3.5,3.9,2.0,5,5.0,4,2.775,1.0874281585465773,0.8421562119800232,4.666666666666667,1,1,904.5894698281385,21-22,0.7102562593956736,3.391911289664718,0,0,1.8,1.9,2.7535990128389827
42,Jesse Williams,Russian Federation,Moscow,55.75,37.62,F,,21,3.9,3.4,2.6,4.0,4,4.0,5,3.475,0.6396613687465161,1.3519700260873062,4.333333333333333,1,1,1000.0,21-22,0.6707481374089408,3.7625756119638556,0,0,-0.5,-1.4,3.2808474973300505
43,Kenny Fukushima,Japan,Tokyo,35.69,139.75,M,,22,3.9,2.9,3.3,4.0,5,5.0,5,3.525,0.5188127472091127,1.6159977384274444,5.0,1,1,1000.0,21-22,0.655911704352857,4.248726052478403,0,0,-1.0,-0.7000000000000002,3.455208986178807
44,Tawnie Glaisher,United States of America,Fremont,37.55,-121.99,F,,24,3.4,3.2,3.8,5.0,4,4.0,5,3.8499999999999996,0.806225774829855,1.1034777731716483,4.333333333333333,1,1,1000.0,23-25,0.6,5.0,0,0,-0.19999999999999973,-1.2000000000000002,3.8699999999999997
45,Britany Stevens,United States of America,Lafayette,37.89,-122.12,F,,23,3.6,3.3,3.5,5.0,3,3.0,3,3.85,0.776745346515403,1.1405820446888812,3.0,0,0,1000.0,23-25,0.6224124633284234,4.486127698561615,0,1,-0.30000000000000027,-1.5,3.718079555901327
46,Alan Trinh,Japan,Tokyo,35.69,139.75,M,,20,2.8,3.1,3.8,4.0,3,4.0,5,3.425,0.5678908345800273,1.4972506706560877,4.0,1,0,1000.0,18-20,0.643148898323217,3.7720491760292583,0,0,0.30000000000000027,-0.20000000000000018,3.2509296426410987
47,Zoe Kern,United States of America,West Jordan,40.61,-111.94,F,,22,2.1,4.0,3.4,5.0,4,5.0,4,3.625,1.212091855705114,0.7621417629047039,4.333333333333333,1,1,1000.0,21-22,0.7645697780975134,3.9181203670111824,0,0,1.9,-1.6,3.4268930879131054
48,Sidney Beavers,United States of America,Los Angeles,34.05,-118.24,M,,23,2.3,2.8,3.5,5.0,4,4.0,4,3.4,1.174734012447073,0.7844773813482284,4.0,1,1,1000.0,23-25,0.7074894631654769,3.097976508289753,1,0,0.5,-1.5,3.0401418988034736
49,Miriam Aguilar,Mexico,Mexicali,32.65,-115.47,F,,22,3.6,3.8,2.8,2.0,4,4.0,4,3.05,0.8225975119502044,1.0838962679253066,4.0,1,1,1612.643773585204,21-22,0.6,3.885189491206088,0,0,0.19999999999999973,0.7999999999999998,3.055556847361826
50,Issac Mata,Mexico,Tehuacán,18.45,-97.38,M,,23,2.4,3.1,2.7,1.0,5,5.0,4,2.3,0.9128709291752769,0.9872926265286763,4.666666666666667,1,1,786.3031394131933,23-25,0.7436402983878643,3.735739755530556,1,0,0.7000000000000002,1.7000000000000002,2.5750859564979534
51,Hannah Uren,United States of America,Los Angeles,34.05,-118.24,F,,22,3.2,2.2,3.5,5.0,5,3.0,5,3.475,1.1586630226256467,0.7944938256102414,4.333333333333333,1,1,1000.0,21-22,0.6491934175666947,4.191508181603805,0,0,-1.0,-1.5,3.4073717962378107
52,Zachary Bradley,Spain,Madrid,40.41,-3.69,M,,21,3.5,3.5,3.4,2.0,3,5.0,5,3.1,0.7348469228349533,1.1978243827074595,4.333333333333333,1,0,1000.0,21-22,0.6258462399755234,3.2715485784914753,0,0,0.0,1.4,2.904049197544995
53,Moira Buttitto,United States of America,Los Angeles,34.05,-118.24,F,,23,1.9,2.8,3.2,5.0,4,5.0,5,3.2249999999999996,1.3022416570411706,0.7131438400639665,4.666666666666667,1,1,1000.0,23-25,0.7289341031072695,4.382143878059605,1,0,0.8999999999999999,-1.7999999999999998,3.3225365737286077
54,Nicole Humpal,United States of America,Walnut Creek,37.91,-122.06,F,,22,3.9,3.7,4.0,5.0,3,5.0,3,4.15,0.5802298395176403,1.4700913454621645,3.6666666666666665,0,0,1000.0,21-22,0.7624799617996761,5.0,0,0,-0.19999999999999973,-1.0,4.066247996179968
55,Georgia Williams,United States of America,Memphis,35.15,-90.05,F,,23,2.9,3.6,3.1,5.0,5,5.0,2,3.65,0.946924847422786,0.9551783993490067,4.0,0,1,1000.0,23-25,0.7545024095292959,3.8129918812345136,0,0,0.7000000000000002,-1.9,3.4093478053232835
56,Connor Ferry,United States of America,Charlotte,35.23,-80.84,M,,23,3.1,3.8,4.0,5.0,4,5.0,4,3.975,0.7847504911329035,1.1302621586787955,4.333333333333333,1,1,1000.0,23-25,0.6128625981421889,4.254702711012486,0,0,0.6999999999999997,-1.0,3.7226970731179643
57,Amanda Tatum,United States of America,San Diego,32.72,-117.16,F,,22,3.5,2.3,3.7,5.0,4,5.0,4,3.625,1.1056672193747992,0.829416263401896,4.333333333333333,1,1,1000.0,21-22,0.6552630099319029,4.485448526702224,0,0,-1.2000000000000002,-1.2999999999999998,3.5861608590038574
58,Cameron Steinberg,United States of America,Los Angeles,34.05,-118.24,M,,20,2.1,3.9,3.9,5.0,5,5.0,5,3.725,1.2010412149464313,0.7686151587758683,5.0,1,1,1000.0,18-20,0.7065010745122852,3.679023622491331,0,0,1.7999999999999998,-1.1,3.4093571941986274
59,Shuraih el-Karim,Pakistan,Khalabat,34.06,72.89,M,,22,3.1,2.1,2.3,4.0,4,4.0,4,2.875,0.8655441448399189,1.0356854270664069,4.0,1,1,1000.0,21-22,0.7580436101697887,4.079273985448333,1,0,-1.0,-1.7000000000000002,3.0245865566514785
60,Katelyn Sharp,United States of America,Los Angeles,34.05,-118.24,F,,20,3.9,3.7,2.8,5.0,5,3.0,5,3.8499999999999996,0.903696114115064,0.9963174968368561,4.333333333333333,1,1,1000.0,18-20,0.6416660609723768,3.9434072539587692,0,0,-0.19999999999999973,-2.2,3.557188782284868
61,Colin Lemont,China,Shanghai,31.05,121.4,M,,21,3.6,4.0,3.1,4.0,4,5.0,4,3.675,0.4272001872658765,1.8968126798021832,4.333333333333333,1,1,1683.4129912536537,21-22,0.6,4.0114742121723985,0,0,0.3999999999999999,-0.8999999999999999,3.468442263651719
62,Donald Nevins,United States of America,San Jose,37.34,-121.89,M,,23,3.6,3.4,2.8,5.0,2,4.0,4,3.7,0.9309493362512629,0.9699797699431081,3.3333333333333335,1,0,1000.0,23-25,0.6,3.21492550624896,0,1,-0.20000000000000018,-2.2,3.2444776518746883
63,Macaela Kadillak,United States of America,Los Angeles,34.05,-118.24,F,,20,2.7,3.3,3.3,5.0,4,1.0,4,3.575,0.9912113800799505,0.916412730159332,3.0,1,1,1000.0,18-20,0.6,3.819608139407154,0,1,0.5999999999999996,-1.7000000000000002,3.350882441822146
64,Brittany Pratt,United States of America,San Diego,32.72,-117.16,F,,22,3.0,3.1,3.1,5.0,3,4.0,4,3.55,0.9678154093971983,0.9364914489897824,3.6666666666666665,1,0,1000.0,21-22,0.7450020657915358,4.265065299663027,0,0,0.10000000000000009,-1.9,3.4840197964780617
65,Cameron Hancock,Poland,Warsaw,52.25,21.0,M,,21,3.9,3.8,3.0,3.0,4,3.0,4,3.425,0.49244289008980513,1.68792640898841,3.6666666666666665,1,1,1000.0,21-22,0.7884992022856658,5.0,0,0,-0.10000000000000009,0.0,3.6338499202285663
66,William Grevious,United States of America,Stockton,37.96,-121.29,M,,22,3.4,3.4,3.1,5.0,3,5.0,5,3.725,0.8616843969807043,1.0398421801784359,4.333333333333333,1,0,1000.0,21-22,0.6742391902735734,4.700749994201499,0,0,0.0,-1.9,3.7126489172878063
67,Lindsey Job,United States of America,Los Angeles,34.05,-118.24,F,,23,2.7,3.7,1.8,5.0,4,5.0,4,3.3000000000000003,1.373559851869101,0.6786286954897518,4.333333333333333,1,1,1000.0,23-25,0.760282631831362,5.0,1,0,1.0,-3.2,3.556028263183136
68,Gabrielle Smith,Korea (Republic of),Seoul,37.6,126.98,F,,23,4.0,3.0,2.8,3.0,2,2.0,4,3.2,0.5416025603090641,1.5585972716790495,2.6666666666666665,1,0,1000.0,23-25,0.7089308820038108,3.152788616356227,0,1,-1.0,-0.20000000000000018,2.936729673107249
69,Allison Brink-Lomme,United States of America,Portland,45.52,-122.67,F,,24,2.8,3.6,4.0,5.0,4,3.0,1,3.85,0.9146948489341497,0.9855179624203422,2.6666666666666665,0,1,1000.0,23-25,0.62839041963159,4.464523176043209,0,1,0.8000000000000003,-1.0,3.712195994776122
70,Sheyenne Delgado-Manzanares,Cuba,Manzanillo,20.34,-77.12,F,,21,3.9,2.8,3.2,3.0,4,4.0,5,3.2249999999999996,0.47871355387816905,1.7279705880372733,4.333333333333333,1,1,1000.0,21-22,0.7089116484406732,4.080006937924015,0,0,-1.1,0.20000000000000018,3.229893246221271
71,Joseph Smith,United States of America,Sacramento,38.58,-121.49,M,,21,3.7,3.7,2.8,5.0,5,4.0,4,3.8,0.9055385138137416,0.9944919923626441,4.333333333333333,1,1,1000.0,21-22,0.8030429253172775,5.0,0,0,0.0,-2.2,3.8603042925317275
72,Fikra al-Mina,Pakistan,Bombay,18.98,72.83,F,,21,3.1,2.4,3.3,3.0,1,5.0,4,2.95,0.3872983346207417,2.0521309615767263,3.3333333333333335,1,0,666.9538297697394,21-22,0.7335131313079463,3.1866947050492125,0,1,-0.7000000000000002,0.2999999999999998,2.7993597246455586
73,Aurelia Davis Ingham,United States of America,Roseville,38.75,-121.29,F,,22,3.8,2.2,3.7,5.0,4,5.0,5,3.675,1.1470977871713175,0.8018617387400007,4.666666666666667,1,1,1000.0,21-22,0.8051714924651204,3.294889192922046,0,0,-1.5999999999999996,-1.2999999999999998,3.2739839071231254
74,Taylor Elstun,United States of America,San Diego,32.72,-117.16,F,,21,2.3,3.7,3.6,5.0,5,4.0,5,3.65,1.1030261405182866,0.8312371330262041,4.666666666666667,1,1,1000.0,21-22,0.6,3.487152550311449,0,0,1.4000000000000004,-1.4,3.2961457650934345
75,Joseph Snider,United States of America,Los Angeles,34.05,-118.24,M,,21,3.2,2.6,3.0,5.0,5,4.0,5,3.45,1.0630145812734648,0.8598344475655937,4.666666666666667,1,1,1000.0,21-22,0.7457522003500179,2.267550087218821,0,0,-0.6000000000000001,-2.0,2.824840246200648
76,Sourinthone Tran,China,Wuhan,30.58,114.27,M,,21,3.5,3.9,3.4,4.0,4,4.0,5,3.7,0.2943920288775949,2.5355482027512375,4.333333333333333,1,1,1105.9100673182459,21-22,0.6687746707978126,3.5127293159887243,0,0,0.3999999999999999,-0.6000000000000001,3.3406962618763987
77,Ibrahim al-Sawaya,Tunisia,Manzil Tamim,36.78,10.99,M,,23,3.5,3.1,4.0,4.0,5,3.0,3,3.65,0.43588989435406733,1.8660549686337078,3.6666666666666665,0,1,1000.0,23-25,0.6560794119627307,3.2593605374237082,0,0,-0.3999999999999999,0.0,3.2334161024233854
78,Alexandra Levy,United States of America,Los Angeles,34.05,-118.24,F,,23,3.1,2.5,3.7,5.0,4,3.0,5,3.575,1.0688779163215976,0.8555213389153178,4.0,1,1,1000.0,23-25,0.6873408621228402,4.020315029180966,0,0,-0.6000000000000001,-1.2999999999999998,3.419828594966574
79,Macie Nguyen,Japan,Tokyo,35.69,139.75,F,,23,3.1,3.8,3.8,4.0,2,4.0,3,3.675,0.3947573094109003,2.0211929788176026,3.0,0,0,1000.0,23-25,0.6,4.073404780621727,0,1,0.6999999999999997,-0.20000000000000018,3.4870214341865178
80,Sean Tegtman,United States of America,Kettering,39.69,-84.17,M,,25,3.7,3.8,3.8,5.0,3,4.0,5,4.075,0.6184658438426491,1.391854614342682,4.0,1,0,1000.0,23-25,0.6624262489729991,5.0,0,0,0.09999999999999964,-1.2000000000000002,4.011242624897299
81,Casey Vanden Bos,United States of America,Los Angeles,34.05,-118.24,M,,22,2.7,2.6,3.3,5.0,5,5.0,4,3.4000000000000004,1.1105554165971787,0.826067098035841,4.666666666666667,1,1,1000.0,21-22,0.7085690057209397,4.7270057372155065,1,0,-0.10000000000000009,-1.7000000000000002,3.5289586217367455
82,Staci Maes,Mexico,Mexico,19.43,-99.14,F,,23,3.4,2.6,3.9,2.0,5,3.0,5,2.975,0.8421203397773186,1.0614355276910399,4.333333333333333,1,1,584.5028389431665,23-25,0.8811472565576409,3.471810408803411,0,0,-0.7999999999999998,1.9,2.914657848296787
83,Luke Davey,United States of America,Los Angeles,34.05,-118.24,M,,26,3.8,3.4,3.7,5.0,4,5.0,3,3.9749999999999996,0.704154339142587,1.2435423790241926,4.0,0,1,1000.0,26+,0.6385383825381082,3.1812682629213134,0,0,-0.3999999999999999,-1.2999999999999998,3.4032343171302046
84,Harper Wheeler-Marques,United States of America,San Diego,32.72,-117.16,F,,23,3.9,2.4,3.9,5.0,5,4.0,2,3.8,1.0677078252031311,0.8563786063744523,3.6666666666666665,0,1,1000.0,23-25,0.615320511768545,4.260202003871871,0,0,-1.5,-1.1,3.6195926523384157
85,Sherleen Saravanan,Myanmar,Rangoon,16.78,96.17,F,,22,3.1,3.4,3.7,3.0,4,3.0,5,3.3,0.316227766016838,2.4025307335204213,4.0,1,1,1000.0,21-22,0.6398594365132371,2.843813434383486,0,0,0.2999999999999998,0.7000000000000002,2.8971299739663694
86,Myles Vaught,United States of America,Waukegan,42.36,-87.84,M,,21,3.4,3.8,3.9,5.0,3,4.0,4,4.025,0.6849574196011506,1.2739544528518705,3.6666666666666665,1,0,1000.0,21-22,0.753232169416166,5.0,0,0,0.3999999999999999,-1.1,3.9903232169416167
87,Juan Guerrero Camacho,Mexico,Mexico,19.43,-99.14,M,,21,2.8,3.7,3.5,2.0,4,4.0,5,3.0,0.7702813338860895,1.1490537152332962,4.333333333333333,1,1,584.5028389431665,21-22,0.7796665092075941,4.876885429910363,0,0,0.9000000000000004,1.5,3.341032279893868
88,Lindsey Freund,United States of America,New York,40.71,-74.01,F,,20,3.3,2.3,3.9,5.0,3,5.0,5,3.625,1.129527924990495,0.8133202830734654,4.333333333333333,1,0,1000.0,18-20,0.6376191836986369,3.5579928116495694,0,0,-1.0,-1.1,3.3061597618647345
89,Savannah Clark,United States of America,Visalia,36.33,-119.29,F,,20,2.8,3.5,2.6,5.0,3,4.0,4,3.475,1.0874281585465773,0.8421562119800232,3.6666666666666665,1,0,1000.0,18-20,0.7210613946490685,2.496159043393965,1,0,0.7000000000000002,-2.4,2.9059538524830963
90,Bradley Monsell,United States of America,New York,40.71,-74.01,M,,22,3.0,3.9,3.1,5.0,5,2.0,4,3.75,0.9255628917943214,0.9750742816468363,3.6666666666666665,1,1,1000.0,21-22,0.6877662039478433,4.949764565998997,0,0,0.8999999999999999,-1.9,3.803705990194483
91,Daisha Schmidt,United States of America,Boulder,40.02,-105.27,F,,22,3.7,3.9,4.0,5.0,5,4.0,4,4.15,0.5802298395176403,1.4700913454621645,4.333333333333333,1,1,1000.0,21-22,0.7574915992426311,3.841701457131239,0,0,0.19999999999999973,-1.0,3.718259597063635
92,Airabella Koontz,United States of America,Dallas,32.78,-96.8,F,,22,2.7,3.3,3.4,5.0,4,5.0,4,3.6,0.983192080250175,0.9231972964287544,4.333333333333333,1,1,1000.0,21-22,0.6238357524898118,4.923586382912103,0,0,0.5999999999999996,-1.6,3.6994594901226123
93,Hailey Malle,Russian Federation,Nizhniy Novgorod,56.33,44.01,F,,22,3.7,2.5,3.2,2.0,3,3.0,5,2.85,0.7505553499465136,1.1757024396623736,3.6666666666666665,1,0,1000.0,21-22,0.6537870282721786,2.591124539631173,0,0,-1.2000000000000002,1.2000000000000002,2.5527160647165696
94,Devon Miranda,Colombia,Pereira,4.81,-75.7,M,,20,3.7,3.7,3.8,1.0,5,5.0,5,3.05,1.3674794331177345,0.681440555439642,5.0,1,1,1000.0,18-20,0.6486313477494274,3.5204999816369815,0,0,0.0,2.8,2.951013129266037
95,Danielle Nguyen,Japan,Tokyo,35.69,139.75,F,,23,3.3,3.5,3.6,3.0,5,4.0,4,3.35,0.2645751311064591,2.7429188517743173,4.333333333333333,1,1,1000.0,23-25,0.6,3.9375282931078797,0,0,0.20000000000000018,0.6000000000000001,3.2512584879323634
96,Mateo Cisneros,Brazil,Foz do Iguaçu,-25.55,-54.58,M,,23,3.0,3.4,2.9,4.0,4,4.0,5,3.325,0.4991659710623979,1.6689866385884233,4.333333333333333,1,1,1000.0,23-25,0.7036896221651662,3.970917808345127,0,0,0.3999999999999999,-1.1,3.2566443047200546
97,William Pablo,Japan,Kashiwara,34.58,135.62,M,,24,2.9,3.3,3.1,4.0,2,5.0,4,3.3249999999999997,0.47871355387816905,1.7279705880372733,3.6666666666666665,1,0,1000.0,23-25,0.7008844217743913,3.506614289483272,0,0,0.3999999999999999,-0.8999999999999999,3.1170727290224205
98,Jason Hundsdorfer,United States of America,Los Angeles,34.05,-118.24,M,,20,3.9,3.9,4.0,5.0,3,3.5,3,4.2,0.5354126134736337,1.5737805306275918,3.1666666666666665,0,0,1000.0,18-20,0.6804090765313968,4.314946612544666,0,1,0.0,-1.0,3.8825248914165393
99,Antonio Desai,Japan,Kawasaki,35.52,139.72,M,,22,2.2,3.9,3.9,3.0,5,4.0,5,3.25,0.8185352771872448,1.0886898139200685,4.666666666666667,1,1,1000.0,21-22,0.6612330293299883,3.1125703231605915,0,0,1.6999999999999997,0.8999999999999999,2.949894399881176
100,Rachel Bakeman,United States of America,Phoenix,33.45,-112.07,F,,24,3.9,3.7,3.8,5.0,4,5.0,3,4.1,0.6055300708194984,1.417374030335042,4.0,0,1,1000.0,23-25,0.6,3.786096411982965,0,0,-0.19999999999999973,-1.2000000000000002,3.655828923594889
101,Mamdooh el-Moustafa,Pakistan,Karachi,24.91,67.08,M,,22,3.3,2.8,3.9,4.0,4,4.0,4,3.5,0.5597618541248889,1.5156984201919412,4.0,1,1,1000.0,21-22,0.6463483741787712,3.996236505369519,0,0,-0.5,-0.10000000000000009,3.363505789028733
102,Lindsey Carter,United States of America,Redwood City,37.49,-122.24,F,,24,3.2,3.9,3.9,5.0,2,4.0,5,4.0,0.7438637868140465,1.1850253745043804,3.6666666666666665,1,0,1000.0,23-25,0.6525828386778585,4.2782177339136656,0,0,0.6999999999999997,-1.1,3.7487236040418854
103,Duncan Kruse,United States of America,Santa Ana,33.75,-117.87,M,,23,3.7,3.8,3.7,5.0,1,5.0,4,4.05,0.6350852961085883,1.360386346038784,3.3333333333333335,1,0,1000.0,23-25,0.6158178184622705,4.402625235804445,0,1,0.09999999999999964,-1.2999999999999998,3.8123693525875604
104,Callahan Foster,Canada,Toronto,43.67,-79.42,other,,22,3.2,3.0,3.9,5.0,3,3.0,5,3.775,0.9032349269892819,0.9967755040197912,3.6666666666666665,1,0,1000.0,21-22,0.6670971430667193,2.9669529931963714,0,0,-0.20000000000000018,-1.1,3.221795612265583
105,Jamie Ortiz,El Salvador,Nueva San Salvador,13.68,-89.28,F,,23,3.3,2.9,3.5,3.0,4,4.0,4,3.175,0.2753785273643051,2.663977630850204,4.0,1,1,1000.0,23-25,0.7123240685451631,2.6727086634115023,0,0,-0.3999999999999999,0.5,2.778045005877967
106,Ryan Barrett,United States of America,Chicago,41.85,-87.65,M,,20,3.7,3.2,4.0,5.0,5,4.0,1,3.975,0.7588368291888139,1.1643655302305993,3.3333333333333335,0,1,1000.0,18-20,0.8308948720968424,4.85547479085214,0,1,-0.5,-1.0,3.924731924465326
107,Samuel Palmer,United States of America,New York,40.71,-74.01,M,,22,3.9,3.3,3.3,5.0,5,4.0,2,3.875,0.8015609770940699,1.1091873155637468,3.6666666666666665,0,1,1000.0,21-22,0.6939662250265471,4.13251787625034,0,0,-0.6000000000000001,-1.7000000000000002,3.634151985377756
108,Riley Mcloughlin,United States of America,Los Angeles,34.05,-118.24,M,,23,3.6,3.6,3.3,5.0,5,4.0,4,3.875,0.7632168761236874,1.158457425543559,4.333333333333333,1,1,1000.0,23-25,0.7006040312578211,3.3345441040880903,0,0,0.0,-1.7000000000000002,3.395423634352209
109,Aimee Apelyan,United States of America,Joliet,41.52,-88.08,F,,24,3.3,3.8,3.8,5.0,4,4.0,4,3.9749999999999996,0.722841614740048,1.2153007116878987,4.0,1,1,1000.0,23-25,0.6740443267387066,5.0,0,0,0.5,-1.2000000000000002,3.9524044326738705
110,Maryah Falloon,United States of America,Phoenix,33.45,-112.07,F,,23,3.9,3.7,3.9,5.0,3,4.0,5,4.125,0.5909032633745278,1.4473806291140874,4.0,1,0,1000.0,23-25,0.6,3.992539707434287,0,0,-0.19999999999999973,-1.1,3.7327619122302864
111,Lucille Mitchell,Canada,Edmonton,53.55,-113.5,F,,22,3.5,3.6,2.6,5.0,5,4.0,4,3.675,0.9912113800799505,0.916412730159332,4.333333333333333,1,1,1000.0,21-22,0.6778788899640626,4.876771080584395,0,0,0.10000000000000009,-2.4,3.735819213171724
112,Christian Zambrano-Munoz,Mexico,Mexicali,32.65,-115.47,M,,23,3.1,3.9,3.6,4.0,4,3.0,4,3.65,0.404145188432738,1.983555576735248,3.6666666666666665,1,1,1612.643773585204,23-25,0.6,3.9206814517947537,0,0,0.7999999999999998,-0.3999999999999999,3.426204435538426
113,Bryce Vaillancourt,United States of America,Pomona,34.06,-117.75,M,,22,3.7,3.8,2.1,5.0,4,5.0,4,3.65,1.1902380714238083,0.7750507616756931,4.333333333333333,1,1,1000.0,21-22,0.8770593689988229,5.0,0,0,0.09999999999999964,-2.9,3.777705936899882
114,Brandilyn Collins,United States of America,Los Angeles,34.05,-118.24,F,,21,3.6,3.0,3.3,5.0,4,4.0,4,3.7249999999999996,0.8845903006477067,1.015650874624863,4.0,1,1,1000.0,21-22,0.6646111228175102,5.0,0,0,-0.6000000000000001,-1.7000000000000002,3.8014611122817508
115,Konner Gearhart,United States of America,New York,40.71,-74.01,M,,22,3.9,3.7,3.3,5.0,4,3.0,3,3.9749999999999996,0.7274384280931733,1.208549139184282,3.3333333333333335,0,1,1000.0,21-22,0.704123787386689,3.634162014550075,0,1,-0.19999999999999973,-1.7000000000000002,3.545660983103691
116,Andrew Houghton,United States of America,Spokane,47.66,-117.42,M,,22,3.2,3.2,3.8,5.0,2,4.0,5,3.8,0.8485281374238569,1.0542649822871228,3.6666666666666665,1,0,1000.0,21-22,0.6772230584235805,4.643923427430151,0,0,0.0,-1.2000000000000002,3.7408993340714027
117,Marisa Ramey,Mexico,Mexico,19.43,-99.14,F,,22,3.2,4.0,3.8,4.0,3,3.0,4,3.75,0.3785938897200182,2.0894541729001372,3.3333333333333335,1,0,584.5028389431665,21-22,0.6474286262336914,4.349634093001451,0,1,0.7999999999999998,-0.20000000000000018,3.6196330905238043
118,Magdalynne Noah,United States of America,New York,40.71,-74.01,F,,22,3.2,3.8,3.8,5.0,3,4.0,4,3.95,0.7549834435270749,1.169613292012634,3.6666666666666665,1,0,1000.0,21-22,0.7714258251612017,4.961571912692547,0,0,0.5999999999999996,-1.2000000000000002,3.935614156323884
119,Megan Salamena,United States of America,Los Angeles,34.05,-118.24,F,,23,3.9,3.9,3.1,5.0,4,4.0,5,3.975,0.7804912982645398,1.1357295659491622,4.333333333333333,1,1,1000.0,23-25,0.740154642614942,3.1613945648692496,0,0,0.0,-1.9,3.407433833722269
120,Meghan Arnold,Russian Federation,Saint Petersburg,59.89,30.26,F,,24,4.0,3.9,3.3,3.0,5,3.0,3,3.55,0.47958315233127197,1.725377965142145,3.6666666666666665,0,1,1000.0,23-25,0.7432825557634438,4.4155078346654175,0,0,-0.10000000000000009,0.2999999999999998,3.5289806059759696
121,James Rice,Canada,Toronto,43.67,-79.42,M,,20,3.9,2.4,3.6,5.0,4,3.0,4,3.725,1.0688779163215976,0.8555213389153178,3.6666666666666665,1,1,1000.0,18-20,0.6072490036164209,4.713406256146337,0,0,-1.5,-1.4,3.709746777205543
122,Wesley Nunn,United States of America,Los Angeles,34.05,-118.24,M,,23,3.9,4.0,2.1,5.0,5,5.0,3,3.75,1.2069244660154448,0.7651551608401692,4.333333333333333,0,1,1000.0,23-25,0.792223544874888,2.526341744194842,0,0,0.10000000000000009,-2.9,3.0871248777459415
123,Gareth Newkirk,United States of America,Los Angeles,34.05,-118.24,M,,21,4.0,3.2,3.9,5.0,4,5.0,4,4.025,0.7410578025138569,1.1889789227459482,4.333333333333333,1,1,1000.0,21-22,0.6,2.986726523200713,0,0,-0.7999999999999998,-1.1,3.371017956960214
124,Austin Harline,United States of America,Las Vegas,36.17,-115.14,M,,21,2.8,3.8,3.8,5.0,5,5.0,4,3.8499999999999996,0.9000000000000001,0.9999999999999998,4.666666666666667,1,1,1000.0,21-22,0.7269485675040217,2.335280924458586,0,0,1.0,-1.2000000000000002,3.0832791340879773
125,Courtney Martinez,Mexico,Aguascalientes,21.88,-102.3,F,,20,3.7,3.7,3.7,3.0,4,5.0,5,3.5250000000000004,0.3500000000000001,2.222222222222222,4.666666666666667,1,1,196.02144951392117,18-20,1.0,3.7511411991110206,0,0,0.0,0.7000000000000002,3.3403423597333064
126,Alexandra Graham,United States of America,Los Angeles,34.05,-118.24,F,,22,3.4,3.5,2.8,5.0,4,3.0,5,3.675,0.9358596760910972,0.9653817240705646,4.0,1,1,1000.0,21-22,0.6007570939895449,4.47403380463677,0,0,0.10000000000000009,-2.2,3.607285850789985
127,Alexander Swearingen,United States of America,Los Angeles,34.05,-118.24,M,,22,3.9,2.8,4.0,5.0,3,4.0,4,3.925,0.899536917900909,1.0004632966434732,3.6666666666666665,1,0,1000.0,21-22,0.6346961816317783,5.0,0,0,-1.1,-1.0,3.918469618163178
128,Brandy Waldner,Germany,Zülpich,50.7,6.65,F,,20,3.2,3.5,3.9,3.0,5,5.0,5,3.4,0.39157800414902433,2.0342651452257514,5.0,1,1,1000.0,18-20,0.6879721092070112,4.0592758243358205,0,0,0.2999999999999998,0.8999999999999999,3.3265799582214477
129,Coleman Keelen,Spain,Callosa de Segura,38.12,-0.88,M,,24,3.4,4.0,3.4,4.0,4,4.0,4,3.7,0.3464101615137755,2.2400923773979584,4.0,1,1,1000.0,23-25,0.6397219476707041,5.0,0,0,0.6000000000000001,-0.6000000000000001,3.783972194767071
130,Casey Buhr,United States of America,Phoenix,33.45,-112.07,M,,21,3.7,3.2,2.5,5.0,2,3.0,5,3.6,1.055146119422961,0.8656913469090279,3.3333333333333335,1,0,1000.0,21-22,0.6,2.72925216676142,0,1,-0.5,-2.5,3.0387756500284264
131,Shauna Sneed,United States of America,Burlingame,37.58,-122.36,F,,19,2.7,3.7,3.7,5.0,5,4.0,5,3.7750000000000004,0.942956343987709,0.9588129031139819,4.666666666666667,1,1,1000.0,18-20,0.6854850379844821,2.6039607151825432,0,0,1.0,-1.2999999999999998,3.1147367183532113
132,Caitlin Dean,United States of America,Philadelphia,39.95,-75.16,F,,22,3.9,3.7,3.1,5.0,4,4.0,4,3.925,0.7932002689527194,1.119569747972091,4.0,1,1,1000.0,21-22,0.6,3.855561840882705,0,0,-0.19999999999999973,-1.9,3.5716685522648115
133,Andrew Kirin,United States of America,Odessa,31.85,-102.37,M,,25,3.8,2.2,3.0,5.0,3,2.0,3,3.5,1.1944315244779278,0.7725398996314784,2.6666666666666665,0,0,1000.0,23-25,0.7178873944508145,4.073919025818113,0,1,-1.5999999999999996,-2.0,3.3939644471905153
134,Nadia Minks,Russian Federation,Moscow,55.75,37.62,F,,24,3.8,3.1,3.5,4.0,2,5.0,5,3.6,0.39157800414902433,2.0342651452257514,4.0,1,0,1000.0,23-25,0.6064460612612957,3.8738442015247254,0,0,-0.6999999999999997,-0.5,3.382797866583547
135,Ivy Lucero,Brazil,São Paulo,-23.47,-46.67,F,,24,3.9,3.6,3.2,3.0,4,4.0,4,3.425,0.4031128874149274,1.9876254912454263,4.0,1,1,1000.0,23-25,0.8039947524014033,2.2460463199680984,0,0,-0.2999999999999998,0.20000000000000018,2.8092133712305696
136,Kevin Curry,United States of America,Phoenix,33.45,-112.07,M,,23,3.9,3.0,3.7,5.0,5,5.0,5,3.9000000000000004,0.8286535263104036,1.076827871394685,5.0,1,1,1000.0,23-25,0.617339736613101,3.9287039683897693,0,0,-0.8999999999999999,-1.2999999999999998,3.580345164178241
137,Charles Cramer,United States of America,East Los Angeles,34.02,-118.17,M,,23,3.1,3.5,3.8,5.0,4,5.0,4,3.8499999999999996,0.818535277187245,1.0886898139200683,4.333333333333333,1,1,1000.0,23-25,0.654235078703546,2.889757732929451,0,0,0.3999999999999999,-1.2000000000000002,3.2423508277491893
138,Emily Warner,United States of America,Lodi,38.13,-121.27,F,,21,3.5,3.2,3.9,5.0,3,5.0,4,3.9,0.787400787401181,1.126886536723248,4.0,1,0,1000.0,21-22,0.7450813773895736,4.435738039064031,0,0,-0.2999999999999998,-1.1,3.7452295494581667
139,Mckenzie Haycock,Canada,Toronto,43.67,-79.42,F,,20,3.8,2.3,3.7,5.0,5,4.0,3,3.7,1.104536101718726,0.8301951253873768,4.0,0,1,1000.0,18-20,0.6,4.193278596877478,0,0,-1.5,-1.2999999999999998,3.5379835790632437
140,Faviola Soto,Mexico,Cortazar,20.48,-100.93,F,,19,4.0,3.8,3.9,3.7,5,5.0,4,3.8499999999999996,0.12909944487358052,4.364916731037085,4.666666666666667,1,1,387.37487064076595,18-20,0.8051300201966181,3.2147628376047823,0,0,-0.20000000000000018,0.19999999999999973,3.3549418533010957
141,Stephen Wharton,Mexico,Tuxtla Gutiérrez,16.75,-93.12,M,,21,2.1,3.7,3.8,4.0,4,5.0,3,3.4000000000000004,0.875595035770913,1.0250154657765373,4.0,0,1,1245.3978428335959,21-22,0.7364383868173534,3.488906466130645,0,0,1.6,-0.20000000000000018,3.160315778520929
142,Alexandria Fortner,United States of America,Phoenix,33.45,-112.07,F,,20,3.9,3.8,3.8,5.0,4,4.0,5,4.125,0.5852349955359814,1.4593533700330261,4.333333333333333,1,1,1000.0,18-20,0.6,3.085962515822172,0,0,-0.10000000000000009,-1.2000000000000002,3.460788754746652
143,Savannah Kivett,United States of America,Colorado Springs,38.83,-104.82,F,,21,3.8,3.9,3.8,5.0,4,4.0,5,4.125,0.5852349955359814,1.4593533700330261,4.333333333333333,1,1,1000.0,21-22,0.6947707086825843,3.8831900555147962,0,0,0.10000000000000009,-1.2000000000000002,3.709434087522697
144,Tanner Jones,United States of America,Stockton,37.96,-121.29,M,,23,3.9,3.7,3.7,5.0,4,5.0,5,4.075,0.6238322424070967,1.381535584370365,4.666666666666667,1,1,1000.0,23-25,0.700790623539874,4.730780523067658,0,0,-0.19999999999999973,-1.2999999999999998,3.9343132192742845
145,Luisa Bautista,Mexico,Mexico,19.43,-99.14,F,,21,3.3,3.0,3.4,3.0,4,4.0,4,3.175,0.20615528128088298,3.2663163471040937,4.0,1,1,584.5028389431665,21-22,0.819677250795302,3.111419162931565,0,0,-0.2999999999999998,0.3999999999999999,2.9203934739589994
146,Juhaina al-Bilal,Bangladesh,Dhaka,23.72,90.41,F,,20,3.9,3.9,3.9,5.0,5,4.0,5,4.175,0.55,1.5384615384615383,4.666666666666667,1,1,1000.0,18-20,0.6,4.369903879080942,0,0,0.0,-1.1,3.8759711637242824
147,Siena Ingram,United States of America,Henderson,36.04,-114.98,F,,21,3.8,3.7,3.8,5.0,5,3.0,5,4.075,0.6184658438426491,1.391854614342682,4.333333333333333,1,1,1000.0,21-22,0.6,3.509127238635381,0,0,-0.09999999999999964,-1.2000000000000002,3.5577381715906142
148,Alondra Gardea Corral,Mexico,Ensenada,31.87,-116.62,F,,20,2.2,3.8,3.1,2.0,3,4.0,2,2.775,0.8341662504161464,1.0704732691365444,3.0,0,0,1657.7120428193782,18-20,0.6030785329029729,3.165701734190125,0,1,1.5999999999999996,1.1,2.6750183735473345
149,Vincent Webster,United States of America,New York,40.71,-74.01,M,,23,2.0,3.7,3.4,5.0,4,3.0,5,3.525,1.2311918344975055,0.7512065309335954,4.0,1,1,1000.0,23-25,0.7037587738586549,3.8143757120363535,0,0,1.7000000000000002,-1.6,3.3296885909967715
150,Abdul Jabbaar el-Abdul,Egypt,Cairo,30.05,31.25,M,,20,1.5,3.5,3.2,3.0,3,5.0,4,2.8,0.8906926143924925,1.009394826884033,4.0,1,0,1000.0,18-20,0.7000394280276702,3.0718061420645006,0,0,2.0,0.20000000000000018,2.671545785422117
151,Patrick Carnes,United States of America,Mesa,33.42,-111.82,M,,22,2.4,3.5,3.6,5.0,3,5.0,5,3.625,1.0657548185832113,0.8578133103625856,4.333333333333333,1,0,1000.0,21-22,0.7077158567597581,3.4904138890555876,0,0,1.1,-1.4,3.292895752392652
152,Shawn O Bryan,United States of America,Fairfield,38.25,-122.04,M,,23,2.9,3.7,1.5,5.0,3,5.0,3,3.275,1.4660036380127666,0.6385681206136813,3.6666666666666665,0,0,1000.0,23-25,0.6255980222737207,2.908364352595588,1,0,0.8000000000000003,-3.5,2.900069108006048
153,Jenna Whitney,United States of America,San Diego,32.72,-117.16,F,,23,3.7,2.9,3.9,5.0,3,4.0,5,3.875,0.8655441448399189,1.0356854270664069,4.0,1,0,1000.0,23-25,0.6985802957728803,5.0,0,0,-0.8000000000000003,-1.1,3.894858029577288
154,Kaitlin Krueger,United States of America,Los Angeles,34.05,-118.24,F,,24,3.7,3.9,4.0,5.0,4,5.0,4,4.15,0.5802298395176403,1.4700913454621645,4.333333333333333,1,1,1000.0,23-25,0.7034457978638945,3.961544174910716,0,0,0.19999999999999973,-1.0,3.7488078322596046
155,Jaime Mikesell,United States of America,Los Angeles,34.05,-118.24,F,,20,3.9,3.7,3.7,5.0,4,5.0,4,4.075,0.6238322424070967,1.381535584370365,4.333333333333333,1,1,1000.0,18-20,0.6228518865578906,3.373552926939265,0,0,-0.19999999999999973,-1.2999999999999998,3.5193510667375683
156,Katelynn Andrie,United States of America,Kansas City,39.1,-94.58,F,,23,3.0,3.9,3.9,5.0,5,5.0,5,3.95,0.818535277187245,1.0886898139200683,5.0,1,1,1000.0,23-25,0.8292619608915806,4.171183928587378,0,0,0.8999999999999999,-1.1,3.7042813746653716
157,Maryn Manzanares,United States of America,Laguna Hills,33.61,-117.71,F,,21,3.9,3.2,3.2,5.0,2,4.0,4,3.825,0.8499999999999999,1.0526315789473686,3.3333333333333335,1,0,1000.0,21-22,0.717906633672943,3.7434708935806698,0,1,-0.6999999999999997,-1.7999999999999998,3.489831931441495
158,Colleen Kohout,United States of America,Philadelphia,39.95,-75.16,F,,22,3.5,3.8,3.1,5.0,4,4.0,4,3.85,0.818535277187245,1.0886898139200683,4.0,1,1,1000.0,21-22,0.6,3.7232243203734217,0,0,0.2999999999999998,-1.9,3.486967296112027
159,Daniel Spurlin,United States of America,San Jose,37.34,-121.89,M,,24,3.9,3.9,3.7,5.0,5,5.0,3,4.125,0.5909032633745278,1.4473806291140874,4.333333333333333,0,1,1000.0,23-25,0.7325242886907064,4.424666693368073,0,0,0.0,-1.2999999999999998,3.8756524368794927
160,Trevor Bulba,United States of America,Chicago,41.85,-87.65,M,,21,3.9,3.8,3.8,5.0,5,4.0,5,4.125,0.5852349955359814,1.4593533700330261,4.666666666666667,1,1,1000.0,21-22,0.6020254663818143,4.572672834704511,0,0,-0.10000000000000009,-1.2000000000000002,3.9070043970495343
161,Jordan Burkhamer,United States of America,San Jose,37.34,-121.89,F,,23,3.0,3.9,3.7,5.0,5,4.0,4,3.9000000000000004,0.8286535263104036,1.076827871394685,4.333333333333333,1,1,1000.0,23-25,0.7429667682993961,3.508932415244911,0,0,0.8999999999999999,-1.2999999999999998,3.466976401403413
162,Rebecca Ah Fat,China,Tangshan,37.33,114.7,F,,22,1.8,3.8,4.0,4.0,4,3.0,4,3.4,1.0708252269472673,0.8540984401295607,3.6666666666666665,1,1,953.4457853249036,21-22,0.7816806129614933,3.4060120741509228,0,0,1.9999999999999998,0.0,3.139971683541426
163,Christopher Jacobo,United States of America,Los Angeles,34.05,-118.24,M,,21,3.4,2.7,3.9,5.0,4,4.0,3,3.75,0.9678154093971983,0.9364914489897824,3.6666666666666665,0,1,1000.0,21-22,0.6143454145318632,3.6466253089453513,0,0,-0.6999999999999997,-1.1,3.405422134136792
164,Min Singal,Japan,Tokyo,35.69,139.75,F,,24,3.8,2.9,2.9,4.0,5,3.0,2,3.4,0.5830951894845301,1.463924816619788,3.3333333333333335,0,1,1000.0,23-25,0.7570700903395458,1.9917964015448653,1,1,-0.8999999999999999,-1.1,2.713245929497414
165,Corey Rademacher,Ukraine,Chernihiv,51.51,31.28,M,,22,3.1,3.3,3.9,3.0,4,5.0,4,3.325,0.4031128874149274,1.9876254912454263,4.333333333333333,1,1,1000.0,21-22,0.7130224741549198,2.721180483574492,0,0,0.19999999999999973,0.8999999999999999,2.8826563924878394
166,Alexander Reed,United States of America,Los Angeles,34.05,-118.24,M,,22,3.0,2.7,3.8,5.0,4,2.0,5,3.625,1.0275375094532233,0.8868884552540783,3.6666666666666665,1,1,1000.0,21-22,0.7457648127995592,4.960166080622287,0,0,-0.2999999999999998,-1.2000000000000002,3.737626305466642
167,Dalen Whiting,United States of America,Carrollton,32.95,-96.89,F,,23,2.8,3.9,3.3,5.0,5,5.0,5,3.75,0.9469248474227862,0.9551783993490067,5.0,1,1,1000.0,23-25,0.8317434386123157,5.0,0,0,1.1,-1.7000000000000002,3.8331743438612316
168,Chelsea Persky,United States of America,San Bernardino,34.11,-117.29,F,,23,3.9,3.4,4.0,5.0,3,3.0,4,4.075,0.6701989754294367,1.298365788454125,3.3333333333333335,1,0,1000.0,23-25,0.6603689507197704,3.6341045016882307,0,1,-0.5,-1.0,3.6012682455784457
169,Karla Taylor,Mexico,Mexico,19.43,-99.14,F,,21,3.7,3.0,3.7,4.0,4,3.0,2,3.6,0.42426406871192857,1.9074356983054617,3.0,0,1,584.5028389431665,21-22,0.6840721195015345,4.261245570444613,0,1,-0.7000000000000002,-0.2999999999999998,3.5067808830835374
170,Kaden Yates,United States of America,Salinas,36.68,-121.65,M,,23,3.6,3.4,4.0,5.0,5,4.0,3,4.0,0.7118052168020874,1.2318225841652768,4.0,0,1,1000.0,23-25,0.6088388456299582,4.149000123634829,0,0,-0.20000000000000018,-1.0,3.705583921653444
171,Maimoona el-Soliman,Turkey,Ankara,39.91,32.84,F,,21,2.8,2.6,3.9,3.0,4,3.0,4,3.075,0.5737304826019501,1.4842730525387475,3.6666666666666665,1,1,1000.0,21-22,0.6147351772027649,5.0,1,0,-0.19999999999999973,0.8999999999999999,3.406473517720276
172,Aaqil el-Hashemi,Pakistan,Bangalore,12.98,77.58,M,,21,3.4,3.0,3.6,3.0,5,5.0,4,3.25,0.30000000000000004,2.5,4.666666666666667,1,1,855.3714897186895,21-22,0.6981956878872403,4.862326595814328,0,0,-0.3999999999999999,0.6000000000000001,3.478517547533022
173,Sean Bruso,United Kingdom,London,51.51,-0.09,M,,19,3.2,3.7,3.9,5.0,3,5.0,4,3.95,0.7593857166596344,1.163621852928767,4.0,1,0,1000.0,18-20,0.7072921579853315,3.7976659268153865,0,0,0.5,-1.1,3.580028993843149
174,Andrew Bishop,United States of America,Los Angeles,34.05,-118.24,M,,22,4.0,3.7,3.8,5.0,3,3.0,3,4.125,0.5965176722724427,1.435713751149232,3.0,0,0,1000.0,21-22,0.7021352639464016,3.0355676475196596,0,1,-0.2999999999999998,-1.2000000000000002,3.4558838206505382
175,Zahraaa el-Yousef,Pakistan,Hospet,15.27,76.4,F,,22,3.9,3.7,3.8,4.0,4,4.0,4,3.8499999999999996,0.12909944487358052,4.364916731037085,4.0,1,1,648.7272131622751,21-22,0.8117023729875825,2.6148429437939416,0,0,-0.19999999999999973,-0.20000000000000018,3.1756231204369403
176,Surya Ky,China,Tangshan,37.33,114.7,M,,21,3.7,4.0,3.8,4.0,4,4.0,5,3.875,0.14999999999999997,4.000000000000001,4.333333333333333,1,1,953.4457853249036,21-22,0.6889664737023123,4.096104242027112,0,0,0.2999999999999998,-0.20000000000000018,3.6227279199783644
177,George Mann,Russian Federation,Moscow,55.75,37.62,M,,23,3.9,3.9,4.0,4.0,5,5.0,5,3.95,0.05773502691896263,6.339745962155612,5.0,1,1,1000.0,23-25,0.7962827261725853,3.3949194037725574,0,0,0.0,0.0,3.468104093749026
178,Latino Calderon,Mexico,Hermosillo,29.07,-110.97,M,,23,3.6,3.0,3.0,3.0,5,4.0,4,3.15,0.30000000000000004,2.5,4.333333333333333,1,1,1033.152946333982,23-25,0.6533669355399717,2.7955303656551944,0,0,-0.6000000000000001,0.0,2.793995803250555
179,Baylen Cloutier,United States of America,Phoenix,33.45,-112.07,M,,22,3.9,3.4,3.7,5.0,3,5.0,3,4.0,0.697614984548545,1.2537377298221224,3.6666666666666665,0,0,1000.0,21-22,0.8976135333271696,3.3494083592726454,0,0,-0.5,-1.2999999999999998,3.494583861114511
180,Nicole Torres-Valadez,Brazil,Rio de Janeiro,-22.9,-43.23,F,,24,3.9,3.1,3.0,1.0,4,5.0,4,2.75,1.2342339054382412,0.7494937701133753,4.333333333333333,1,1,1000.0,23-25,0.7300533878212006,3.0680949304418172,0,0,-0.7999999999999998,2.0,2.643433817914665
181,Addie Villavicencio,United States of America,San Jose,37.34,-121.89,F,,20,4.0,3.5,3.2,5.0,5,5.0,4,3.925,0.788986691902975,1.1248762316783265,4.666666666666667,1,1,1000.0,18-20,0.6114273954866974,5.0,0,0,-0.5,-1.7999999999999998,3.9161427395486696
182,Billy Jack Bestle,United States of America,Baltimore,39.29,-76.61,M,,22,3.7,4.0,3.8,5.0,5,4.0,5,4.125,0.5965176722724427,1.435713751149232,4.666666666666667,1,1,1000.0,21-22,0.6,4.671978472226227,0,0,0.2999999999999998,-1.2000000000000002,3.9365935416678686
183,Isabella Martinez,Colombia,Bogotá,4.65,-74.06,F,,23,2.6,4.0,2.7,4.0,3,4.0,3,3.325,0.7804912982645396,1.1357295659491624,3.3333333333333335,0,0,1000.0,23-25,0.7185977932194549,3.8269552202800394,1,1,1.4,-1.2999999999999998,3.2149463454059575
184,Kimberly Thielke,United States of America,Los Angeles,34.05,-118.24,F,,21,3.8,3.9,3.3,5.0,3,5.0,5,4.0,0.7164728420068227,1.2247804808082565,4.333333333333333,1,0,1000.0,21-22,0.662122977173932,5.0,0,0,0.10000000000000009,-1.7000000000000002,3.966212297717393
185,Adrian Miguel-Gomez,Colombia,Medellín,6.25,-75.56,M,,22,3.7,3.3,2.2,4.0,4,4.0,5,3.3,0.7874007874011811,1.1268865367232477,4.333333333333333,1,1,1000.0,21-22,0.7371200395273674,3.9952279794514283,0,0,-0.40000000000000036,-1.7999999999999998,3.252280397788165
186,Kayla Sales,United States of America,Quincy,42.25,-71.0,F,,22,2.1,3.1,4.0,5.0,5,4.0,5,3.55,1.2396235987858033,0.7464783398160285,4.666666666666667,1,1,1000.0,21-22,0.7178590099658836,3.2776393056040556,0,0,1.0,-1.0,3.1850776926778046
187,Haafiza al-Attar,Morocco,Rabat,34.01,-6.84,F,,21,2.4,3.6,3.8,3.0,3,5.0,3,3.2,0.6324555320336759,1.3652705949581432,3.6666666666666665,0,0,1000.0,21-22,0.6741736869874502,5.0,0,0,1.2000000000000002,0.7999999999999998,3.487417368698745
188,Juanita Medina,Mexico,Mexico,19.43,-99.14,F,,22,3.8,3.9,3.7,4.0,3,5.0,4,3.8499999999999996,0.12909944487358052,4.364916731037085,4.0,1,0,584.5028389431665,21-22,0.6758542122170256,4.331128034947727,0,0,0.10000000000000009,-0.2999999999999998,3.6769238317060204
189,Emma Kim,China,Hengshui,37.73,115.7,F,,22,2.8,3.9,3.8,2.0,4,4.0,4,3.125,0.899536917900909,1.0004632966434732,4.0,1,1,1046.770960811239,21-22,0.6,3.0702030765388346,0,0,1.1,1.7999999999999998,2.8560609229616505
190,Mckayla Dopler,Netherlands,Kerkrade,50.87,6.07,F,,21,2.5,3.5,3.7,4.0,2,4.0,4,3.425,0.65,1.3333333333333333,3.3333333333333335,1,0,1000.0,21-22,0.6442788038346383,3.681062390866447,0,1,1.0,-0.2999999999999998,3.2237465976433977
191,Jonathan Nevarez,Mexico,Mexico,19.43,-99.14,M,,23,2.7,2.6,3.6,5.0,4,5.0,5,3.475,1.1116804097101527,0.8253001302870044,4.666666666666667,1,1,584.5028389431665,23-25,0.8262630462810174,3.266172063958861,1,0,-0.10000000000000009,-1.4,3.14747792381576
192,Roger Redfern,United States of America,Los Angeles,34.05,-118.24,M,,21,3.9,3.9,3.1,5.0,5,3.0,4,3.975,0.7804912982645398,1.1357295659491622,4.0,1,1,1000.0,21-22,0.6971274995304163,2.7937602152285312,0,0,0.0,-1.9,3.292840814521601
193,Hannah Critchfield,United States of America,New York,40.71,-74.01,F,,21,3.5,3.3,3.6,5.0,5,4.0,5,3.85,0.776745346515403,1.1405820446888812,4.666666666666667,1,1,1000.0,21-22,0.6,4.70760870469198,0,0,-0.20000000000000018,-1.4,3.782282611407594
194,Chue Fue Richter,China,Qiqihar,47.34,123.97,M,,23,3.0,3.6,1.4,4.0,5,3.0,4,3.0,1.1430952132988166,0.8044436092278788,4.0,1,1,2073.708964488978,23-25,0.6,5.0,0,0,0.6000000000000001,-2.6,3.36
195,Joshua Mesan,United States of America,San Jose,37.34,-121.89,M,,24,4.0,3.8,3.7,5.0,5,4.0,5,4.125,0.5965176722724427,1.435713751149232,4.666666666666667,1,1,1000.0,23-25,0.7108253903783069,2.8478126076113535,0,0,-0.20000000000000018,-1.2999999999999998,3.400426321321237
196,Dylan Bell,United States of America,Tucson,32.22,-110.93,M,,20,3.3,3.8,3.5,5.0,5,4.0,4,3.9,0.7615773105863909,1.1606619483971767,4.333333333333333,1,1,1000.0,18-20,0.6092914051039093,4.38370872268579,0,0,0.5,-1.5,3.716041757316128
197,Troy White,United States of America,New York,40.71,-74.01,M,,22,4.0,3.6,3.4,5.0,4,4.0,5,4.0,0.7118052168020874,1.2318225841652768,4.333333333333333,1,1,1000.0,21-22,0.6922980084756423,3.4128192780358715,0,0,-0.3999999999999999,-1.6,3.4930755842583254
198,Sabaaha al-Latif,Pakistan,Bangalore,12.98,77.58,F,,22,3.7,2.7,3.0,3.0,5,3.0,5,3.1,0.42426406871192857,1.9074356983054617,4.333333333333333,1,1,855.3714897186895,21-22,0.7094119170281874,3.5436330263215767,0,0,-1.0,0.0,2.9940310995992916
199,Grant Walden,United States of America,San Diego,32.72,-117.16,M,,22,3.8,3.3,3.3,5.0,5,4.0,5,3.8499999999999996,0.8020806277010645,1.1085483595279961,4.666666666666667,1,1,1000.0,21-22,0.6,3.4927515272755714,0,0,-0.5,-1.7000000000000002,3.417825458182671
200,Kitty Nguyen,Japan,Tokyo,35.69,139.75,F,,25,3.4,3.2,2.9,4.0,4,3.0,5,3.375,0.46457866215887844,1.7712323667637822,4.0,1,1,1000.0,23-25,0.7086229888278627,3.208807384256147,0,0,-0.19999999999999973,-1.1,3.05850451415963
201,Tyler Kibel,United States of America,Santa Ana,33.75,-117.87,M,,24,4.0,3.2,3.8,5.0,5,3.0,4,4.0,0.7483314773547882,1.1787845042814333,4.0,1,1,1000.0,23-25,0.7248627621094588,3.9388173023558615,0,0,-0.7999999999999998,-1.2000000000000002,3.654131466917704
202,Kyler Overboe,United States of America,Chicago,41.85,-87.65,M,,21,3.2,4.0,3.5,5.0,4,3.0,4,3.925,0.788986691902975,1.1248762316783265,3.6666666666666665,1,1,1000.0,21-22,0.7666440994540222,3.2019065735378365,0,0,0.7999999999999998,-1.5,3.392236382006753
203,Alexander Lizama,Brazil,Belo Horizonte,-19.92,-43.93,M,,21,3.9,3.7,3.9,3.0,4,5.0,4,3.625,0.4272001872658765,1.8968126798021832,4.333333333333333,1,1,1000.0,21-22,0.7643041641627923,4.149698793957205,0,0,-0.19999999999999973,0.8999999999999999,3.496340054603441
204,Aaron Knott,United States of America,Santa Ana,33.75,-117.87,M,,23,3.2,3.6,3.7,5.0,4,5.0,4,3.875,0.7804912982645396,1.1357295659491624,4.333333333333333,1,1,1000.0,23-25,0.6,3.8931428457740234,0,0,0.3999999999999999,-1.2999999999999998,3.552942853732207
205,Jessica Greenberg,United States of America,Joplin,37.08,-94.51,F,,23,3.6,3.7,2.8,5.0,4,4.0,5,3.7750000000000004,0.9105858919765157,0.9895249952917788,4.333333333333333,1,1,1000.0,23-25,0.6049739968067902,3.742174895840206,0,0,0.10000000000000009,-2.2,3.448149868432741
206,Lexi Hatton,United States of America,Los Angeles,34.05,-118.24,F,,23,3.3,2.7,4.0,5.0,4,5.0,5,3.75,0.9882644720249062,0.9188942814050755,4.666666666666667,1,1,1000.0,23-25,0.7212028213766928,3.2406157370333886,0,0,-0.5999999999999996,-1.0,3.2943050032476857
207,Jesse Hodapp,United States of America,Danville,37.82,-122.0,M,,21,3.8,3.0,3.5,5.0,4,2.0,2,3.825,0.85,1.0526315789473684,2.6666666666666665,0,1,1000.0,21-22,0.7211028760729767,3.305249602212,0,1,-0.7999999999999998,-1.5,3.3586851682708976
208,Andrew Brunelli,United States of America,New York,40.71,-74.01,M,,23,3.4,3.8,4.0,5.0,4,3.0,3,4.05,0.6806859285554046,1.2809248424016277,3.3333333333333335,0,1,1000.0,23-25,0.7212038149044839,4.437646313993938,0,1,0.3999999999999999,-1.0,3.83341427568863
209,Makenzie Swann,United States of America,Stockton,37.96,-121.29,F,,22,3.4,2.8,3.1,5.0,5,5.0,4,3.5749999999999997,0.9810708435174292,0.9250087595983508,4.666666666666667,1,1,1000.0,21-22,0.9882185192523778,4.367400416766171,0,0,-0.6000000000000001,-1.9,3.554041976955089
210,Carlos Anaya,Mexico,Mexico,19.43,-99.14,M,,24,3.7,3.7,3.7,4.0,4,5.0,5,3.7750000000000004,0.1499999999999999,4.000000000000002,4.666666666666667,1,1,584.5028389431665,23-25,0.801049825964461,3.1846224708278257,0,0,0.0,-0.2999999999999998,3.3004917238447935
211,Felipe Martinez Acosta,Chile,Santiago,-33.45,-70.67,M,,21,3.7,3.7,4.0,3.0,4,3.0,5,3.6,0.42426406871192857,1.9074356983054617,4.0,1,1,1000.0,21-22,0.7708452512144479,3.979465844343381,0,0,0.0,1.0,3.430924278424459
212,Emma Casias,United States of America,Rochester,43.15,-77.62,F,,22,3.2,3.7,3.2,5.0,4,3.0,5,3.7750000000000004,0.8499999999999999,1.0526315789473686,4.0,1,1,1000.0,21-22,0.7563201410794562,4.501109698697432,0,0,0.5,-1.7999999999999998,3.6909649237171753
213,Adolf Malik,Korea (Republic of),Seoul,37.6,126.98,M,,21,3.1,3.5,3.6,3.0,4,4.0,3,3.3,0.2943920288775949,2.5355482027512375,3.6666666666666665,0,1,1000.0,21-22,0.7321113001044639,2.531142441769569,0,0,0.3999999999999999,0.6000000000000001,2.812553862541317
214,Christian Chow,China,Handan,36.57,114.53,M,,21,2.6,3.9,3.4,4.0,5,5.0,5,3.475,0.6396613687465161,1.3519700260873062,5.0,1,1,932.1231234439017,21-22,0.6658895396113013,4.434688153903949,0,0,1.2999999999999998,-0.6000000000000001,3.4819954001323143
215,Asad el-Yacoub,Pakistan,Thana,19.2,72.97,M,,22,2.6,3.3,4.0,3.0,5,4.0,4,3.225,0.5909032633745278,1.4473806291140874,4.333333333333333,1,1,646.1819231547701,21-22,0.8062373513027435,3.4032343261766558,0,0,0.6999999999999997,1.0,3.0365940329832712
216,Holly Marshall,United States of America,San Francisco,37.77,-122.42,F,,22,3.0,2.7,2.0,5.0,3,4.0,4,3.175,1.286791876463841,0.7210887350666376,3.6666666666666665,1,0,1000.0,21-22,0.6181739828369942,4.323145601541194,1,0,-0.2999999999999998,-3.0,3.2637610787460574
217,Brandilyn Hanselman,Russian Federation,Chelyabinsk,55.15,61.43,F,,21,2.0,3.5,2.2,4.0,4,5.0,4,2.925,0.9776672917374976,0.9279301762863411,4.333333333333333,1,1,1000.0,21-22,0.6610545114607993,3.3227260080993197,1,0,1.5,-1.7999999999999998,2.817923253575876
218,Nicole Patria,China,Chongqing,29.56,106.55,F,,24,3.9,3.3,3.0,2.0,3,5.0,5,3.05,0.7937253933193771,1.118911924708673,4.333333333333333,1,0,732.8194560239316,23-25,0.6839980147149006,2.4894276528017185,0,0,-0.6000000000000001,1.0,2.6452280973120055
219,Kyler Grieshaber,United States of America,Cohoes,42.77,-73.7,M,,22,3.6,3.4,4.0,5.0,4,3.0,5,4.0,0.7118052168020874,1.2318225841652768,4.0,1,1,1000.0,21-22,0.6865499311509058,2.59796604969347,0,0,-0.20000000000000018,-1.0,3.2480448080231317
220,Jasper Stang,United States of America,Sacramento,38.58,-121.49,M,,24,3.6,3.9,3.3,5.0,5,5.0,5,3.95,0.7416198487095663,1.1881849050177153,5.0,1,1,1000.0,23-25,0.8651726853338808,4.038467957329106,0,0,0.2999999999999998,-1.7000000000000002,3.66805765573212
221,Anthony Visocsky,United States of America,Santa Rosa,38.44,-122.71,M,,21,3.4,2.4,4.0,5.0,2,4.0,4,3.7,1.0893423092245462,0.8408008293693026,3.3333333333333335,1,0,1000.0,21-22,0.6,4.041111334710519,0,1,-1.0,-1.0,3.492333400413156
222,Jake Seime,United States of America,Reno,39.53,-119.81,M,,22,2.4,3.9,3.7,5.0,4,4.0,5,3.75,1.0661457061146318,0.8575257746579571,4.333333333333333,1,1,1000.0,21-22,0.7349008152299611,3.2098800332498065,0,0,1.5,-1.2999999999999998,3.286454091497938
223,Dasha Bannock Lee,United States of America,San Diego,32.72,-117.16,other,,20,2.8,3.3,4.0,5.0,4,3.0,2,3.775,0.9535023160258537,0.9492148092965933,3.0,0,1,1000.0,18-20,0.6,4.310873967021899,0,1,0.5,-1.0,3.6182621901065697
224,Anthony Mcdevitt,United States of America,Los Angeles,34.05,-118.24,M,,24,3.1,4.0,3.9,5.0,4,5.0,3,4.0,0.7788880963698614,1.1378012788321703,4.0,0,1,1000.0,23-25,0.6422454507368454,2.570783950184832,0,0,0.8999999999999999,-1.1,3.235459730129134
225,Darby Focken,United States of America,Hinsdale,41.8,-87.94,F,,21,3.5,2.5,3.7,5.0,4,4.0,4,3.675,1.0275375094532235,0.8868884552540781,4.0,1,1,1000.0,21-22,0.7671160477573893,3.8471361610821466,0,0,-1.0,-1.2999999999999998,3.4358524531003822
226,Abigail Gallegos,Brazil,Belém,-1.45,-48.48,F,,24,3.4,3.0,2.1,4.0,3,3.0,4,3.125,0.7973915809270458,1.114340741827503,3.3333333333333335,1,0,1000.0,23-25,0.6851424015276371,2.864520373523368,0,1,-0.3999999999999999,-1.9,2.802870352209774
227,Patricia Rockhold,United States of America,San Francisco,37.77,-122.42,F,,21,4.0,3.5,3.4,5.0,5,4.0,5,3.975,0.732006375199925,1.2019138672581775,4.666666666666667,1,1,1000.0,21-22,0.6,3.445197780424939,0,0,-0.5,-1.6,3.4785593341274814
228,Kylie Schafer,United States of America,Houston,29.76,-95.36,F,,22,3.1,3.0,3.3,5.0,5,5.0,4,3.5999999999999996,0.941629792788369,0.960033984169242,4.666666666666667,1,1,1000.0,21-22,0.6227757032592026,4.004585603719798,0,0,-0.10000000000000009,-1.7000000000000002,3.4236532514418596
229,Katherine Beatty,United States of America,Los Angeles,34.05,-118.24,F,,19,4.0,2.4,3.9,5.0,4,5.0,4,3.825,1.0719919153924,0.8532482066356109,4.333333333333333,1,1,1000.0,18-20,0.7343678199147741,3.245002641106171,0,0,-1.6,-1.1,3.3419375743233286
230,Melissa Bickel,United Kingdom,London,51.51,-0.09,F,,22,3.6,2.6,2.5,5.0,4,4.0,4,3.425,1.161536338935062,0.7926842605613403,4.0,1,1,1000.0,21-22,0.6215706694626291,3.5923555646161396,1,0,-1.0,-2.5,3.1948637363311043
231,Rachel Boh,United States of America,Roseville,38.75,-121.29,F,,22,3.8,3.9,2.9,5.0,4,3.0,2,3.9,0.8602325267042628,1.0414144201428255,3.0,0,1,1000.0,21-22,0.697316687166558,4.605034247371552,0,1,0.10000000000000009,-2.1,3.7912419429281212
232,Anna Yoshimura,China,Rizhao,35.39,119.55,F,,20,3.5,3.8,3.9,4.0,5,5.0,2,3.8,0.21602468994692867,3.1643097258253277,4.0,0,1,1390.4939171039018,18-20,0.6169058707591683,3.4384865043814807,0,0,0.2999999999999998,-0.10000000000000009,3.3732365383903606
233,Joseph Hazelton,United States of America,Oakland,37.8,-122.27,M,,22,3.5,4.0,3.9,5.0,5,4.0,5,4.1,0.6377042156569664,1.3555568461940328,4.666666666666667,1,1,1000.0,21-22,0.6278719721915347,4.63522035631878,0,0,0.5,-1.1,3.913353304114787
234,Tiffany Nguyen,Thailand,Bangkok,13.75,100.5,F,,22,3.3,3.9,3.9,2.0,5,4.0,5,3.275,0.8958236433584458,1.004193871745673,4.666666666666667,1,1,1000.0,21-22,0.8515155271460261,3.062901182940572,0,0,0.6000000000000001,1.9,2.9690219075967743
235,Ryan Tyler,United States of America,Los Angeles,34.05,-118.24,M,,20,3.7,3.5,3.5,5.0,4,5.0,5,3.925,0.722841614740048,1.2153007116878987,4.666666666666667,1,1,1000.0,18-20,0.7307135217854409,4.390510008998893,0,0,-0.20000000000000018,-1.5,3.745224354878212
236,Max Flores,Mexico,Tijuana,32.53,-117.02,M,,23,3.9,2.8,2.5,4.0,4,5.0,5,3.3,0.7615773105863908,1.160661948397177,4.666666666666667,1,1,1727.3709932220816,23-25,0.6,5.0,1,0,-1.1,-1.5,3.5399999999999996
237,Veronica Tounzen,Mexico,Tijuana,32.53,-117.02,F,,21,3.8,3.5,3.5,4.0,4,4.0,5,3.7,0.2449489742783178,2.898979485566356,4.333333333333333,1,1,1727.3709932220816,21-22,0.6,1.9560177332315019,0,0,-0.2999999999999998,-0.5,2.8668053199694508
238,Haley Ingrim-Hyrup,United States of America,Fontana,34.09,-117.43,F,,22,3.2,3.6,2.6,5.0,2,4.0,3,3.6,1.0198039027185568,0.8930134977850068,3.0,0,0,1000.0,21-22,0.627057082818529,3.1624837956236185,0,1,0.3999999999999999,-2.4,3.1714508469689386
239,Kayla Sandefur,United States of America,Los Angeles,34.05,-118.24,F,,23,3.5,3.1,3.5,5.0,5,4.0,5,3.775,0.8381527307120105,1.0659245208837698,4.666666666666667,1,1,1000.0,23-25,0.748194666783698,4.428324368411099,0,0,-0.3999999999999999,-1.5,3.668316777201699
240,Rylee Onstott,United States of America,Los Angeles,34.05,-118.24,other,,21,4.0,3.8,3.8,5.0,5,5.0,3,4.15,0.574456264653803,1.4826758270431337,4.333333333333333,0,1,1000.0,21-22,0.616598340925384,3.7708970244989395,0,0,-0.20000000000000018,-1.2000000000000002,3.68292894144222
241,Kelli De Bartolome,United States of America,San Francisco,37.77,-122.42,F,,23,3.4,3.4,3.5,5.0,2,5.0,4,3.825,0.7847504911329035,1.1302621586787955,3.6666666666666665,1,0,1000.0,23-25,0.6708210846826481,4.1635833653637135,0,0,0.0,-1.5,3.6111571180773785
242,Thomas Chanlynn,United States of America,Bay Point,38.03,-121.96,M,,22,2.4,3.0,3.8,5.0,3,4.0,3,3.55,1.1239810200058244,0.8170061329833703,3.3333333333333335,0,0,1000.0,21-22,0.7203989823184366,3.350145183960677,0,1,0.6000000000000001,-1.2000000000000002,3.2070834534200467
243,Andrew Yelich,United States of America,Boulder,40.02,-105.27,M,,24,2.0,3.9,3.3,5.0,4,4.0,4,3.55,1.2503332889007368,0.7405579113094871,4.0,1,1,1000.0,23-25,0.7492604155336098,3.96927182997832,0,0,1.9,-1.7000000000000002,3.3957075905468566
244,Dimitri Castillo,Colombia,Dos Quebradas,4.84,-75.67,M,,21,3.9,3.0,3.8,3.0,2,4.0,4,3.425,0.49244289008980513,1.68792640898841,3.3333333333333335,1,0,1000.0,21-22,0.6,3.70879154501967,0,1,-0.8999999999999999,0.7999999999999998,3.2276374635059004
245,Matthew Strasburger,United States of America,Los Angeles,34.05,-118.24,M,,21,3.9,3.9,2.9,5.0,4,4.0,4,3.925,0.8578072821638515,1.044051364634468,4.0,1,1,1000.0,21-22,0.6532399011327241,4.834225649327847,0,0,0.0,-2.1,3.870591684911626
246,Vittoria Faulkner,United States of America,Chicago,41.85,-87.65,F,,22,4.0,3.6,2.5,5.0,5,4.0,4,3.775,1.03400515794974,0.8818302042011705,4.333333333333333,1,1,1000.0,21-22,0.6420043751071236,4.136870007974304,0,0,-0.3999999999999999,-2.5,3.5702614399030033
247,Tyler Goetz,United States of America,Los Angeles,34.05,-118.24,M,,22,3.7,3.5,2.8,5.0,5,4.0,2,3.75,0.9183318209303941,0.9819981851164727,3.6666666666666665,0,1,1000.0,21-22,0.6277336613941031,4.136748796326828,0,0,-0.20000000000000018,-2.2,3.553798005037459
248,Tyler Weller,United States of America,New York,40.71,-74.01,M,,22,3.7,3.2,3.1,5.0,4,3.0,5,3.75,0.8736894948054104,1.0270214532815185,4.0,1,1,1000.0,21-22,0.8212363392224877,3.570498427102026,0,0,-0.5,-1.9,3.4032731620528565
249,Terri Mergelman,United States of America,Los Angeles,34.05,-118.24,F,,23,2.7,3.9,3.0,5.0,4,4.0,4,3.65,1.03440804327886,0.8815170219611886,4.0,1,1,1000.0,23-25,0.7123985368768765,3.509915020742005,0,0,1.1999999999999997,-2.0,3.314214359910289
250,Abigail Orgeron,United States of America,Prior Lake,44.71,-93.42,F,,23,3.2,3.0,3.8,5.0,5,5.0,4,3.75,0.9,1.0,4.666666666666667,1,1,1000.0,23-25,0.6,3.62062011641097,0,0,-0.20000000000000018,-1.2000000000000002,3.396186034923291
251,Jessica Huynh,Korea (Republic of),Seoul,37.6,126.98,F,,22,3.5,2.7,3.2,2.0,5,3.0,5,2.85,0.6557438524302001,1.3231996486433335,4.333333333333333,1,1,1000.0,21-22,0.7534289557643821,4.248895047235971,0,0,-0.7999999999999998,1.2000000000000002,3.0600114097472297
252,Kyle Blanscet,United States of America,Sabattus,44.12,-70.11,M,,23,3.8,3.5,3.7,5.0,4,4.0,5,4.0,0.6782329983125268,1.2849622184722818,4.333333333333333,1,1,1000.0,23-25,0.8497724957610107,3.596545748677123,0,0,-0.2999999999999998,-1.2999999999999998,3.563940974179238
253,Ronald Toth,United States of America,Los Angeles,34.05,-118.24,M,,23,2.7,3.5,3.7,5.0,4,3.0,4,3.725,0.9535023160258536,0.9492148092965933,3.6666666666666665,1,1,1000.0,23-25,0.7625972208440918,4.098486552183797,0,0,0.7999999999999998,-1.2999999999999998,3.540805687739548
254,Branden Cantrell,United States of America,Phoenix,33.45,-112.07,M,,23,2.7,4.0,3.9,5.0,5,5.0,5,3.9,0.9416297927883688,0.9600339841692422,5.0,1,1,1000.0,23-25,0.6,5.0,0,0,1.2999999999999998,-1.1,3.9
255,Hannah Ratterman,United States of America,Los Angeles,34.05,-118.24,F,,23,3.5,3.4,3.7,5.0,2,5.0,5,3.9000000000000004,0.7438637868140466,1.1850253745043802,4.0,1,0,1000.0,23-25,0.6412612741707,4.5968997627453545,0,0,-0.10000000000000009,-1.2999999999999998,3.783196056240677
256,Alexandria Winter,United States of America,New York,40.71,-74.01,F,,24,3.8,3.8,2.2,5.0,5,3.0,4,3.7,1.1489125293076057,0.8006965872577143,4.0,1,1,1000.0,23-25,0.7813528919349298,3.639181174265727,0,0,0.0,-2.8,3.3898896414732107
257,Ryan Russell,United States of America,Vacaville,38.36,-121.99,M,,22,3.0,3.4,3.7,5.0,3,5.0,3,3.7750000000000004,0.8655441448399189,1.0356854270664069,3.6666666666666665,0,0,1000.0,21-22,0.6233864427504976,4.827637804397822,0,0,0.3999999999999999,-1.2999999999999998,3.7756299855943967
258,Logan Nighswonger,United States of America,Los Angeles,34.05,-118.24,M,,21,2.7,4.0,3.9,5.0,4,3.0,5,3.9,0.9416297927883688,0.9600339841692422,4.0,1,1,1000.0,21-22,0.7155055542516983,3.573539701582759,0,0,1.2999999999999998,-1.1,3.483612465899997
259,Zaghlool al-Pasha,Pakistan,Deoria,26.5,83.79,M,,21,2.3,3.8,3.8,4.0,5,5.0,5,3.4749999999999996,0.788986691902975,1.1248762316783265,5.0,1,1,818.8138515670141,21-22,0.7755794287196724,2.3695003718577166,0,0,1.5,-0.20000000000000018,2.8734080544292815
260,Madeline Kremke,United States of America,Montgomery Village,39.18,-77.2,F,,22,3.2,3.6,2.6,5.0,4,4.0,4,3.6,1.0198039027185568,0.8930134977850068,4.0,1,1,1000.0,21-22,0.6058455622737533,3.0935309512660765,0,0,0.3999999999999999,-2.4,3.1486438416071985
261,John Ferry,United States of America,Long Beach,33.77,-118.19,M,,21,3.8,2.4,3.8,5.0,4,2.0,5,3.75,1.063014581273465,0.8598344475655936,3.6666666666666665,1,1,1000.0,21-22,0.675237971515056,2.370033129845982,0,0,-1.4,-1.2000000000000002,3.0285337361053
262,Michelle Goldanloo,United States of America,San Diego,32.72,-117.16,F,,22,3.3,2.8,3.9,5.0,5,5.0,4,3.75,0.9469248474227862,0.9551783993490067,4.666666666666667,1,1,1000.0,21-22,0.6,3.68545587943362,0,0,-0.5,-1.1,3.415636763830086
263,Ryan Heidebrecht,United States of America,San Jose,37.34,-121.89,M,,22,3.9,3.7,3.8,5.0,5,3.5,5,4.1,0.6055300708194984,1.417374030335042,4.5,1,1,1000.0,21-22,0.6,3.9647347033516414,0,0,-0.19999999999999973,-1.2000000000000002,3.709420411005492
264,Murtidevi Chung,Japan,Tokyo,35.69,139.75,F,,21,2.9,3.9,3.5,2.0,4,5.0,4,3.075,0.8261355820929153,1.079755512405822,4.333333333333333,1,1,1000.0,21-22,0.6597945478885472,5.0,0,0,1.0,1.5,3.4109794547888543
265,Arely Rodriguez,Mexico,Morelia,19.7,-101.12,F,,21,3.9,3.5,3.6,4.0,4,4.0,3,3.75,0.23804761428476162,2.9581631632448935,3.6666666666666665,0,1,460.1865579707655,21-22,0.6584742279005291,4.128208565677997,0,0,-0.3999999999999999,-0.3999999999999999,3.5543099924934523
266,Taylor Stone,United States of America,Reno,39.53,-119.81,F,,22,3.0,3.0,3.5,5.0,5,5.0,3,3.625,0.9464847243000456,0.9555801215052254,4.333333333333333,0,1,1000.0,21-22,0.8105929043145308,3.758052910286242,0,0,0.0,-1.5,3.3834751635173252
267,Melody Bowyer,United States of America,Baytown,29.74,-94.98,F,,21,3.2,3.5,3.3,5.0,4,4.0,5,3.75,0.8426149773176358,1.0608785390251942,4.333333333333333,1,1,1000.0,21-22,0.6,4.596857798280125,0,0,0.2999999999999998,-1.7000000000000002,3.6890573394840374
268,Bryant Ronquillo,Mexico,Aguascalientes,21.88,-102.3,M,,20,4.0,3.2,3.5,4.0,3,5.0,3,3.675,0.3947573094109003,2.0211929788176026,3.6666666666666665,0,0,196.02144951392117,18-20,0.774397068075594,2.0977584194603587,0,0,-0.7999999999999998,-0.5,2.9117672326456665
269,Garrett Heim,United States of America,Mobile,30.69,-88.04,M,,20,4.0,3.2,3.1,5.0,4,4.0,5,3.825,0.880814017448254,1.0195612850249238,4.333333333333333,1,1,1000.0,18-20,0.6904592461828873,4.121824979820186,0,0,-0.7999999999999998,-1.9,3.600593418564344
270,Cody Amen,United States of America,Las Vegas,36.17,-115.14,M,,23,3.6,3.9,3.7,5.0,4,4.0,4,4.05,0.6454972243679027,1.341386617298122,4.0,1,1,1000.0,23-25,0.7953018631252893,4.516692155109574,0,0,0.2999999999999998,-1.2999999999999998,3.864537832845401
271,Jasmine Lopez,Brazil,Guaxupé,-21.3,-46.7,F,,21,3.8,3.8,1.5,4.0,4,3.0,4,3.275,1.187083260208258,0.776950513549678,3.6666666666666665,1,1,1000.0,21-22,0.6,2.6837976700427935,0,0,0.0,-2.5,2.830139301012838
272,William Tierney,United States of America,New York,40.71,-74.01,M,,21,3.8,2.1,3.0,5.0,3,4.0,4,3.475,1.2311918344975055,0.7512065309335954,3.6666666666666665,1,0,1000.0,21-22,0.7730531001723968,4.78166990123221,0,0,-1.6999999999999997,-2.0,3.5968062803869025
273,Matthew Sputh,United States of America,Modesto,37.64,-121.0,M,,22,3.2,2.6,4.0,5.0,3,3.0,5,3.7,1.0392304845413263,0.8777854995713331,3.6666666666666665,1,0,1000.0,21-22,0.680818644881567,4.1374637926621975,0,0,-0.6000000000000001,-1.0,3.5293210022868164
274,Brenna Chapman,United States of America,Las Vegas,36.17,-115.14,F,,21,3.5,3.8,3.3,5.0,5,4.0,5,3.9,0.7615773105863909,1.1606619483971767,4.666666666666667,1,1,1000.0,21-22,0.601479307916164,3.6344363355460256,0,0,0.2999999999999998,-1.7000000000000002,3.4904788314554236
275,Blake Loughran,United States of America,San Francisco,37.77,-122.42,M,,21,4.0,3.0,3.4,5.0,4,3.0,4,3.85,0.8698658900466593,1.0310703884553472,3.6666666666666665,1,1,1000.0,21-22,0.7169682779410618,4.372892159551695,0,0,-1.0,-1.6,3.693564475659615
276,Michael Melendrez,United States of America,Shreveport,32.52,-93.75,M,,22,3.4,3.8,3.2,5.0,4,4.0,4,3.8499999999999996,0.806225774829855,1.1034777731716483,4.0,1,1,1000.0,21-22,0.6959247756458776,5.0,0,0,0.3999999999999999,-1.7999999999999998,3.8795924775645876
277,Katie Abercrombie,United States of America,Stockton,37.96,-121.29,F,,21,3.8,3.8,3.6,5.0,3,5.0,4,4.05,0.6403124237432849,1.3507810593582121,4.0,1,0,1000.0,21-22,0.6319826498272965,4.045493004046796,0,0,0.0,-1.4,3.7068461661967684
278,Justin Krause,United States of America,Independence,39.09,-94.42,M,,21,3.9,2.6,2.8,5.0,3,5.0,5,3.575,1.1086778913041726,0.8273502867840102,4.333333333333333,1,0,1000.0,21-22,0.6855841667992015,4.1319098023736025,1,0,-1.2999999999999998,-2.2,3.4531313573920013
279,Jennifer Hauge,United States of America,Los Angeles,34.05,-118.24,F,,23,2.6,3.0,2.3,5.0,4,4.0,4,3.2249999999999996,1.217579566188592,0.7589674473267178,4.0,1,1,1000.0,23-25,0.6491749122510592,3.5325112803678045,1,0,0.3999999999999999,-2.7,3.059670875335447
280,Tiffanie Her,Japan,Tokyo,35.69,139.75,F,,22,3.4,4.0,3.6,3.0,4,4.0,3,3.5,0.41633319989322654,1.9367338768973053,3.6666666666666665,0,1,1000.0,21-22,0.6890813876200999,3.1867911710948333,0,0,0.6000000000000001,0.6000000000000001,3.1249454900904596
281,Dyllan Paige,United States of America,Sugar Land,29.62,-95.63,M,,20,2.9,3.1,2.6,5.0,5,5.0,4,3.4,1.0862780491200215,0.842972691555574,4.666666666666667,1,1,1000.0,18-20,0.7329704539616837,4.630935319902063,1,0,0.20000000000000018,-2.4,3.5025776413667873
282,Cole Hathcoat,United States of America,Lemoore,36.3,-119.78,M,,23,2.4,3.6,2.8,5.0,3,5.0,5,3.45,1.1474609652039003,0.8016282896968625,4.333333333333333,1,0,1000.0,23-25,0.8068813452916281,3.2484662726062394,1,0,1.2000000000000002,-2.2,3.1252280163110346
283,Jesse Carballo,Colombia,Bogotá,4.65,-74.06,M,,20,3.8,3.9,3.9,4.0,5,4.0,4,3.9,0.08164965809277268,5.505102572168217,4.333333333333333,1,1,1000.0,18-20,0.6,3.9905863231088476,0,0,0.10000000000000009,-0.10000000000000009,3.597175896932654
284,Robert Podolski,United States of America,Oakland,37.8,-122.27,M,,22,3.7,3.3,2.4,5.0,4,4.0,4,3.6,1.0801234497346435,0.8473689767158299,4.0,1,1,1000.0,21-22,0.8506426699725014,3.5178740425879065,0,0,-0.40000000000000036,-2.6,3.3004264797736225
285,Viridiana Ballesteros,Brazil,Alfenas,-21.43,-45.95,F,,22,2.8,3.5,3.9,4.0,4,5.0,5,3.55,0.5446711546122731,1.5511784463218827,4.666666666666667,1,1,1000.0,21-22,0.6,4.34985052726378,0,0,0.7000000000000002,-0.10000000000000009,3.4949551581791343
286,Michael Griffin,United States of America,New York,40.71,-74.01,M,,21,4.0,4.0,4.0,5.0,3,5.0,5,4.25,0.5,1.6666666666666667,4.333333333333333,1,0,1000.0,21-22,0.6678571923971534,4.200263017562892,0,0,0.0,-1.0,3.876864624508583
287,Chad Klemp,United States of America,San Diego,32.72,-117.16,M,,22,3.9,2.6,4.0,5.0,4,4.0,5,3.875,0.9844626283748239,0.9221156855341344,4.333333333333333,1,1,1000.0,21-22,0.7270653765187661,4.763365288739653,0,0,-1.2999999999999998,-1.0,3.8267161242737724
288,Weldon Hightower,United States of America,New York,40.71,-74.01,M,,20,2.6,2.1,3.2,5.0,4,5.0,5,3.225,1.2658988901172163,0.7321186123185031,4.666666666666667,1,1,1000.0,18-20,0.7024793494188026,3.5586535475828693,1,0,-0.5,-1.7999999999999998,3.0728439992167407
289,Daniel Pierce,United States of America,New York,40.71,-74.01,M,,24,3.3,2.8,3.9,5.0,5,4.0,5,3.75,0.9469248474227862,0.9551783993490067,4.666666666666667,1,1,1000.0,23-25,0.6301840384143524,3.75076671843197,0,0,-0.5,-1.1,3.4382484193710265
290,Michaela Schoenbeck,United States of America,Rexburg,43.83,-111.79,F,,22,3.9,4.0,3.3,5.0,5,4.0,4,4.05,0.7047458170621992,1.2426283912236968,4.333333333333333,1,1,1000.0,21-22,0.663350219971418,3.150322360707487,0,0,0.10000000000000009,-1.7000000000000002,3.4414317302093878
291,Charles Prose,United States of America,Miami,25.77,-80.19,M,,24,3.7,3.2,2.8,5.0,4,4.0,5,3.675,0.9569918146637062,0.9460811201439258,4.333333333333333,1,1,1000.0,23-25,0.6405599252272934,3.577898725272444,0,0,-0.5,-2.2,3.3424256101044625
292,Brittany Kemmerzell,United States of America,New York,40.71,-74.01,F,,23,3.2,3.4,3.7,5.0,4,5.0,3,3.825,0.8098353742170894,1.0990999342716226,4.0,0,1,1000.0,23-25,0.6328508194444631,4.201840394435882,0,0,0.19999999999999973,-1.2999999999999998,3.6188372002752107
293,Taryn Springfield,Canada,Vancouver,49.25,-123.13,F,,20,3.5,3.7,3.4,5.0,5,5.0,5,3.9,0.7438637868140466,1.1850253745043802,5.0,1,1,1000.0,18-20,0.7479681677616821,4.605590893316282,0,0,0.20000000000000018,-1.6,3.7964740847710527
294,Matthew Obourn,United States of America,San Diego,32.72,-117.16,M,,23,3.9,4.0,3.9,5.0,4,4.0,4,4.2,0.5354126134736337,1.5737805306275918,4.0,1,1,1000.0,23-25,0.7085612388772038,3.1622677406578994,0,0,0.10000000000000009,-1.1,3.53953644608509
295,Travis Poss,United States of America,Los Angeles,34.05,-118.24,M,,23,2.3,3.0,3.5,5.0,1,5.0,5,3.45,1.14455231422596,0.8035017801738149,3.6666666666666665,1,0,1000.0,23-25,0.6245672323791477,4.5623514027511956,0,0,0.7000000000000002,-1.5,3.501162144063273
296,Brittany Fernandez,Mexico,Zamora,19.98,-102.27,F,,23,3.9,3.7,2.9,4.0,3,4.0,4,3.625,0.4991659710623979,1.6689866385884233,3.6666666666666665,1,0,405.70997044384626,23-25,0.8636897597904051,4.951176953710627,0,0,-0.19999999999999973,-1.1,3.7467220620922284
297,Cody Smith,United States of America,Charlotte,35.23,-80.84,M,,23,3.8,3.5,3.9,5.0,5,2.0,5,4.05,0.6557438524302001,1.3231996486433335,4.0,1,1,1000.0,23-25,0.7045839616701288,4.230747922578961,0,0,-0.2999999999999998,-1.1,3.7696827729407008
298,Nicolas Papp,United States of America,New York,40.71,-74.01,M,,23,2.7,3.7,3.9,5.0,5,4.0,4,3.825,0.942956343987709,0.9588129031139819,4.333333333333333,1,1,1000.0,23-25,0.7450289695071168,5.0,0,0,1.0,-1.1,3.8695028969507117
299,Christopher Inhulsen,United States of America,Fort Worth,32.73,-97.32,M,,23,3.1,3.3,2.9,5.0,2,4.0,4,3.575,0.963932916061417,0.9399088842009975,3.3333333333333335,1,0,1000.0,23-25,0.730370307353889,3.2143019740504752,0,1,0.19999999999999973,-2.1,3.182327622950531
300,Tessa Rawanduzy,United States of America,Derby,37.55,-97.27,F,,21,3.3,3.3,2.0,5.0,3,3.0,5,3.4,1.230176139149729,0.7517801369066932,3.6666666666666665,1,0,1000.0,21-22,0.6136803991262343,2.870942904017533,0,0,0.0,-3.0,2.9626509111178834
301,Vanessa Gonzalez,Nicaragua,León,12.44,-86.88,F,,24,3.3,3.7,3.8,3.0,5,5.0,4,3.45,0.36968455021364727,2.1290885543182676,4.666666666666667,1,1,1000.0,23-25,0.6351855167842424,2.543690467543244,0,0,0.40000000000000036,0.7999999999999998,2.896625691941397
302,Austin Haas,United States of America,Columbus,39.96,-83.0,M,,20,3.6,3.7,3.1,5.0,4,5.0,5,3.85,0.8103497187428812,1.09847894650961,4.666666666666667,1,1,1000.0,18-20,0.739783488409861,5.0,0,0,0.10000000000000009,-1.9,3.8839783488409862
303,Madison Fithian,United States of America,Los Angeles,34.05,-118.24,F,,20,3.6,3.9,4.0,5.0,5,5.0,3,4.125,0.6075908711186061,1.41324604487779,4.333333333333333,0,1,1000.0,18-20,0.7288296212346772,4.45682585841658,0,0,0.2999999999999998,-1.0,3.884930719648442
304,Zachary Mulvahill,United States of America,Los Angeles,34.05,-118.24,M,,20,3.2,3.4,3.9,5.0,5,5.0,3,3.875,0.805708797684788,1.1041076365342186,4.333333333333333,0,1,1000.0,18-20,0.6783278724828682,3.888865596604969,0,0,0.19999999999999973,-1.1,3.559492466229777
305,Eliana Michelsen,United States of America,Oakland,37.8,-122.27,F,,23,3.0,2.8,2.9,5.0,4,4.0,5,3.425,1.053169818531972,0.8671749675802625,4.333333333333333,1,1,1000.0,23-25,0.6893861906647025,4.157308234389189,1,0,-0.20000000000000018,-2.1,3.3711310893832267
306,Dane Whittemore,Canada,Toronto,43.67,-79.42,M,,21,3.8,3.2,4.0,5.0,5,4.0,5,4.0,0.7483314773547882,1.1787845042814333,4.666666666666667,1,1,1000.0,21-22,0.782213191663074,3.0662754288279657,0,0,-0.5999999999999996,-1.0,3.398103947814697
